src_team,src_image,win,team,slot_index,hero,kills,assists,deaths,damage,heal,mitig
blue,2025-11-25 030028.png,1,blue,0,wrecking_ball,25,5,3,9136,192,4652
blue,2025-11-25 030028.png,1,blue,1,ashe,20,0,4,12118,0,0
blue,2025-11-25 030028.png,1,blue,2,venture,27,1,0,9763,0,2049
blue,2025-11-25 030028.png,1,blue,3,ana,12,14,3,6271,7622,673
blue,2025-11-25 030028.png,1,blue,4,wuyang,8,3,7,1951,8417,84
blue,2025-11-25 030028.png,0,red,0,dva,18,5,0,10427,0,9412
blue,2025-11-25 030028.png,0,red,1,cassidy,9,1,10,10827,0,439
blue,2025-11-25 030028.png,0,red,2,sombra,12,6,7,6735,51,290
blue,2025-11-25 030028.png,0,red,3,lucio,7,9,10,4341,10422,1610
blue,2025-11-25 030028.png,0,red,4,kiriko,6,13,5,4371,8659,0
blue,2025-11-25 030317.png,1,blue,0,doomfist,18,4,6,8386,382,3888
blue,2025-11-25 030317.png,1,blue,1,ashe,7,2,5,10034,0,0
blue,2025-11-25 030317.png,1,blue,2,reaper,20,0,0,9585,1774,0
blue,2025-11-25 030317.png,1,blue,3,zenyatta,9,15,7,5393,4217,0
blue,2025-11-25 030317.png,1,blue,4,baptiste,16,7,2,5690,8813,140
blue,2025-11-25 030317.png,0,red,0,roadhog,7,1,7,8429,7206,1989
blue,2025-11-25 030317.png,0,red,1,cassidy,12,3,8,7714,0,216
blue,2025-11-25 030317.png,0,red,2,sojourn,10,1,11,5718,0,0
blue,2025-11-25 030317.png,0,red,3,wuyang,0,6,4,4210,9287,547
blue,2025-11-25 030317.png,0,red,4,kiriko,7,16,5,3530,6856,0
blue,2025-11-25 030348.png,1,blue,0,doomfist,28,10,5,8993,204,4904
blue,2025-11-25 030348.png,1,blue,1,ashe,20,0,6,11275,0,0
blue,2025-11-25 030348.png,1,blue,2,reaper,30,0,7,10372,2208,0
blue,2025-11-25 030348.png,1,blue,3,kiriko,16,16,4,4935,7183,0
blue,2025-11-25 030348.png,1,blue,4,ana,10,15,5,2895,6298,261
blue,2025-11-25 030348.png,0,red,0,junker_queen,18,5,0,9568,2359,3177
blue,2025-11-25 030348.png,0,red,1,cassidy,8,2,11,4275,73,169
blue,2025-11-25 030348.png,0,red,2,reaper,21,0,8,9814,1818,0
blue,2025-11-25 030348.png,0,red,3,ana,6,11,7,3612,4669,330
blue,2025-11-25 030348.png,0,red,4,kiriko,8,14,0,3749,9717,0
blue,KakaoTalk_20251124_212103298.png,1,blue,0,doomfist,0,6,0,2,0,0
blue,KakaoTalk_20251124_212103298.png,1,blue,1,junkrat,6,2,0,6,0,0
blue,KakaoTalk_20251124_212103298.png,1,blue,2,cassidy,0,1,5,2910,0,0
blue,KakaoTalk_20251124_212103298.png,1,blue,3,kiriko,0,0,2,200,0,0
blue,KakaoTalk_20251124_212103298.png,1,blue,4,brigitte,0,0,4,0,0,8
blue,KakaoTalk_20251124_212103298.png,0,red,0,mauga,5,6,0,46,18,0
blue,KakaoTalk_20251124_212103298.png,0,red,1,cassidy,2,2,4,0,0,0
blue,KakaoTalk_20251124_212103298.png,0,red,2,genji,0,0,4,0,45,0
blue,KakaoTalk_20251124_212103298.png,0,red,3,kiriko,0,0,4,0,33,0
blue,KakaoTalk_20251124_212103298.png,0,red,4,wuyang,0,5,0,8,0,6
blue,blue_2025-11-26_01-27-13.png,1,blue,0,zarya,27,3,6,17417,0,7907
blue,blue_2025-11-26_01-27-13.png,1,blue,1,genji,18,0,8,7290,134,2473
blue,blue_2025-11-26_01-27-13.png,1,blue,2,widowmaker,19,10,3,8191,0,0
blue,blue_2025-11-26_01-27-13.png,1,blue,3,kiriko,12,29,3,2892,10515,0
blue,blue_2025-11-26_01-27-13.png,1,blue,4,ana,12,21,7,3602,6991,311
blue,blue_2025-11-26_01-27-13.png,0,red,0,orisa,20,3,8,12769,0,5699
blue,blue_2025-11-26_01-27-13.png,0,red,1,soldier,19,0,0,7181,443,0
blue,blue_2025-11-26_01-27-13.png,0,red,2,hanzo,12,5,12,6289,0,0
blue,blue_2025-11-26_01-27-13.png,0,red,3,mercy,5,19,6,703,9857,0
blue,blue_2025-11-26_01-27-13.png,0,red,4,kiriko,6,17,10,2705,10869,0
blue,blue_2025-11-26_01-27-41.png,1,blue,0,roadhog,11,2,6,7454,1704,2579
blue,blue_2025-11-26_01-27-41.png,1,blue,1,sombra,19,7,3,5456,1029,0
blue,blue_2025-11-26_01-27-41.png,1,blue,2,cassidy,21,0,3,9684,114,298
blue,blue_2025-11-26_01-27-41.png,1,blue,3,brigitte,6,17,3,2327,5140,2624
blue,blue_2025-11-26_01-27-41.png,1,blue,4,kiriko,19,11,1,6700,5153,0
blue,blue_2025-11-26_01-27-41.png,0,red,0,roadhog,5,2,8,6153,1854,2221
blue,blue_2025-11-26_01-27-41.png,0,red,1,ashe,7,2,4,3900,0,0
blue,blue_2025-11-26_01-27-41.png,0,red,2,cassidy,6,0,5,3198,326,15
blue,blue_2025-11-26_01-27-41.png,0,red,3,ana,7,8,6,3596,7162,664
blue,blue_2025-11-26_01-27-41.png,0,red,4,kiriko,5,5,8,3416,4995,0
blue,blue_2025-11-26_01-28-03.png,1,blue,0,sigma,8,0,4,10113,170,10590
blue,blue_2025-11-26_01-28-03.png,1,blue,1,widowmaker,14,3,4,6754,0,0
blue,blue_2025-11-26_01-28-03.png,1,blue,2,genji,10,3,5,8110,20,636
blue,blue_2025-11-26_01-28-03.png,1,blue,3,moira,9,6,3,8105,9413,0
blue,blue_2025-11-26_01-28-03.png,1,blue,4,ana,9,9,0,3043,6831,382
blue,blue_2025-11-26_01-28-03.png,0,red,0,junker_queen,15,9,6,10548,3678,4924
blue,blue_2025-11-26_01-28-03.png,0,red,1,cassidy,11,2,5,7385,0,59
blue,blue_2025-11-26_01-28-03.png,0,red,2,sombra,12,3,7,3599,0,0
blue,blue_2025-11-26_01-28-03.png,0,red,3,kiriko,5,9,2,1992,9135,0
blue,blue_2025-11-26_01-28-03.png,0,red,4,illari,5,2,5,3550,7063,0
blue,blue_2025-11-26_01-28-20.png,1,blue,0,doomfist,15,5,4,6583,638,3433
blue,blue_2025-11-26_01-28-20.png,1,blue,1,tracer,7,0,8,3355,0,0
blue,blue_2025-11-26_01-28-20.png,1,blue,2,sojourn,19,0,6,6539,0,0
blue,blue_2025-11-26_01-28-20.png,1,blue,3,zenyatta,15,16,4,5290,5667,0
blue,blue_2025-11-26_01-28-20.png,1,blue,4,ana,19,12,3,4441,3919,373
blue,blue_2025-11-26_01-28-20.png,0,red,0,winston,11,2,7,5710,0,11384
blue,blue_2025-11-26_01-28-20.png,0,red,1,mei,11,1,8,5483,643,2435
blue,blue_2025-11-26_01-28-20.png,0,red,2,junkrat,11,2,8,4340,0,0
blue,blue_2025-11-26_01-28-20.png,0,red,3,ana,4,6,5,4025,5646,228
blue,blue_2025-11-26_01-28-20.png,0,red,4,zenyatta,10,6,8,3876,3227,297
blue,blue_2025-11-26_01-30-04.png,1,blue,0,zarya,23,6,4,8155,0,7694
blue,blue_2025-11-26_01-30-04.png,1,blue,1,sombra,20,6,3,5923,1727,0
blue,blue_2025-11-26_01-30-04.png,1,blue,2,ashe,19,3,3,7536,0,0
blue,blue_2025-11-26_01-30-04.png,1,blue,3,mercy,3,24,3,453,5060,0
blue,blue_2025-11-26_01-30-04.png,1,blue,4,moira,16,5,4,5195,4400,367
blue,blue_2025-11-26_01-30-04.png,0,red,0,reinhardt,18,0,8,5223,0,6384
blue,blue_2025-11-26_01-30-04.png,0,red,1,tracer,10,0,0,3764,0,0
blue,blue_2025-11-26_01-30-04.png,0,red,2,hanzo,3,0,7,4740,374,423
blue,blue_2025-11-26_01-30-04.png,0,red,3,kiriko,6,7,7,2934,5477,0
blue,blue_2025-11-26_01-30-04.png,0,red,4,baptiste,7,0,7,2842,5509,544
blue,blue_2025-11-26_01-30-12.png,1,blue,0,winston,13,3,2,7207,250,13849
blue,blue_2025-11-26_01-30-12.png,1,blue,1,freja,13,1,6,10392,0,0
blue,blue_2025-11-26_01-30-12.png,1,blue,2,tracer,18,3,0,4818,0,0
blue,blue_2025-11-26_01-30-12.png,1,blue,3,mercy,1,19,2,60,6451,0
blue,blue_2025-11-26_01-30-12.png,1,blue,4,illari,23,0,1,12443,5637,0
blue,blue_2025-11-26_01-30-12.png,0,red,0,dva,7,1,7,5752,0,4807
blue,blue_2025-11-26_01-30-12.png,0,red,1,soldier,4,0,0,4181,746,178
blue,blue_2025-11-26_01-30-12.png,0,red,2,cassidy,7,0,5,8187,0,97
blue,blue_2025-11-26_01-30-12.png,0,red,3,zenyatta,2,2,7,1505,7144,0
blue,blue_2025-11-26_01-30-12.png,0,red,4,ana,2,5,6,1383,10218,806
blue,blue_2025-11-26_01-30-20.png,1,blue,0,doomfist,19,2,2,8118,252,3832
blue,blue_2025-11-26_01-30-20.png,1,blue,1,widowmaker,11,3,3,5096,0,0
blue,blue_2025-11-26_01-30-20.png,1,blue,2,cassidy,14,2,4,9152,0,47
blue,blue_2025-11-26_01-30-20.png,1,blue,3,wuyang,9,0,1,5061,5315,235
blue,blue_2025-11-26_01-30-20.png,1,blue,4,lifeweaver,7,10,3,1162,5248,249
blue,blue_2025-11-26_01-30-20.png,0,red,0,dva,9,1,3,7123,0,6023
blue,blue_2025-11-26_01-30-20.png,0,red,1,widowmaker,0,1,10,3631,0,0
blue,blue_2025-11-26_01-30-20.png,0,red,2,genji,4,0,7,5089,0,366
blue,blue_2025-11-26_01-30-20.png,0,red,3,ana,5,5,6,3798,6709,709
blue,blue_2025-11-26_01-30-20.png,0,red,4,mercy,0,0,4,950,8454,0
blue,blue_2025-11-26_01-30-42.png,1,blue,0,winston,10,1,2,5438,301,9667
blue,blue_2025-11-26_01-30-42.png,1,blue,1,widowmaker,7,0,2,5619,0,0
blue,blue_2025-11-26_01-30-42.png,1,blue,2,pharah,15,4,4,8195,0,0
blue,blue_2025-11-26_01-30-42.png,1,blue,3,ana,2,8,2,1998,5157,69
blue,blue_2025-11-26_01-30-42.png,1,blue,4,wuyang,13,0,3,5865,4328,140
blue,blue_2025-11-26_01-30-42.png,0,red,0,dva,11,3,2,5006,0,8921
blue,blue_2025-11-26_01-30-42.png,0,red,1,pharah,0,0,10,4672,0,47
blue,blue_2025-11-26_01-30-42.png,0,red,2,soldier,7,0,10,4053,1318,0
blue,blue_2025-11-26_01-30-42.png,0,red,3,lifeweaver,2,0,7,1645,4800,80
blue,blue_2025-11-26_01-30-42.png,0,red,4,ana,2,5,5,1207,5108,381
blue,blue_2025-11-26_01-31-36.png,1,blue,0,winston,24,7,9,12585,2570,7852
blue,blue_2025-11-26_01-31-36.png,1,blue,1,ashe,25,6,7,17057,0,0
blue,blue_2025-11-26_01-31-36.png,1,blue,2,echo,18,1,7,9835,84,0
blue,blue_2025-11-26_01-31-36.png,1,blue,3,ana,15,15,4,4530,9991,921
blue,blue_2025-11-26_01-31-36.png,1,blue,4,kiriko,21,17,5,8943,6665,0
blue,blue_2025-11-26_01-31-36.png,0,red,0,doomfist,16,3,10,8501,487,4730
blue,blue_2025-11-26_01-31-36.png,0,red,1,reaper,23,0,0,11736,2081,30
blue,blue_2025-11-26_01-31-36.png,0,red,2,soldier,16,2,14,15758,851,0
blue,blue_2025-11-26_01-31-36.png,0,red,3,lifeweaver,7,17,5,1765,12556,265
blue,blue_2025-11-26_01-31-36.png,0,red,4,mercy,3,21,7,157,14261,0
blue,blue_2025-11-26_01-31-45.png,1,blue,0,orisa,11,1,1,7029,1,4001
blue,blue_2025-11-26_01-31-45.png,1,blue,1,widowmaker,13,1,3,2993,0,0
blue,blue_2025-11-26_01-31-45.png,1,blue,2,mei,11,0,2,3567,273,367
blue,blue_2025-11-26_01-31-45.png,1,blue,3,wuyang,7,3,1,2445,4028,400
blue,blue_2025-11-26_01-31-45.png,1,blue,4,ana,6,8,2,798,6008,94
blue,blue_2025-11-26_01-31-45.png,0,red,0,sigma,4,1,3,5038,0,11245
blue,blue_2025-11-26_01-31-45.png,0,red,1,cassidy,5,0,4,6143,0,35
blue,blue_2025-11-26_01-31-45.png,0,red,2,widowmaker,7,0,6,2977,0,0
blue,blue_2025-11-26_01-31-45.png,0,red,3,mercy,0,5,3,0,4171,0
blue,blue_2025-11-26_01-31-45.png,0,red,4,moira,0,0,5,3543,4003,0
blue,blue_2025-11-26_01-31-53.png,1,blue,0,winston,7,5,2,8758,0,14261
blue,blue_2025-11-26_01-31-53.png,1,blue,1,widowmaker,16,5,5,10751,0,0
blue,blue_2025-11-26_01-31-53.png,1,blue,2,bastion,14,5,0,13814,36,563
blue,blue_2025-11-26_01-31-53.png,1,blue,3,ana,5,8,7,2922,6645,254
blue,blue_2025-11-26_01-31-53.png,1,blue,4,zenyatta,5,9,6,4560,8674,0
blue,blue_2025-11-26_01-31-53.png,0,red,0,roadhog,16,0,7,10032,5892,2623
blue,blue_2025-11-26_01-31-53.png,0,red,1,cassidy,13,1,7,9828,0,273
blue,blue_2025-11-26_01-31-53.png,0,red,2,sombra,15,6,4,6505,224,0
blue,blue_2025-11-26_01-31-53.png,0,red,3,juno,4,12,3,2307,13940,0
blue,blue_2025-11-26_01-31-53.png,0,red,4,wuyang,4,0,7,1647,6502,400
blue,blue_2025-11-26_01-31-59.png,1,blue,0,dva,24,8,6,8574,700,7570
blue,blue_2025-11-26_01-31-59.png,1,blue,1,ashe,29,0,7,12243,0,0
blue,blue_2025-11-26_01-31-59.png,1,blue,2,cassidy,29,5,5,9785,0,323
blue,blue_2025-11-26_01-31-59.png,1,blue,3,ana,13,14,10,4555,5655,347
blue,blue_2025-11-26_01-31-59.png,1,blue,4,juno,7,12,6,3690,10411,11
blue,blue_2025-11-26_01-31-59.png,0,red,0,doomfist,1,0,5,1136,0,1202
blue,blue_2025-11-26_01-31-59.png,0,red,1,genji,7,0,10,7343,151,2061
blue,blue_2025-11-26_01-31-59.png,0,red,2,sojourn,12,1,7,8987,156,0
blue,blue_2025-11-26_01-31-59.png,0,red,3,kiriko,6,11,9,1915,10472,0
blue,blue_2025-11-26_01-31-59.png,0,red,4,ana,11,15,7,9065,4887,547
blue,blue_2025-11-26_01-32-05.png,1,blue,0,doomfist,10,2,2,6734,273,3943
blue,blue_2025-11-26_01-32-05.png,1,blue,1,sombra,13,0,3,2771,557,0
blue,blue_2025-11-26_01-32-05.png,1,blue,2,ashe,14,1,4,5546,0,0
blue,blue_2025-11-26_01-32-05.png,1,blue,3,ana,8,12,0,2449,4147,858
blue,blue_2025-11-26_01-32-05.png,1,blue,4,wuyang,6,0,0,3490,3046,48
blue,blue_2025-11-26_01-32-05.png,0,red,0,dva,1,0,4,4531,0,5199
blue,blue_2025-11-26_01-32-05.png,0,red,1,freja,3,0,0,3362,358,0
blue,blue_2025-11-26_01-32-05.png,0,red,2,hanzo,1,0,2,919,0,0
blue,blue_2025-11-26_01-32-05.png,0,red,3,kiriko,4,0,2,2790,4164,0
blue,blue_2025-11-26_01-32-05.png,0,red,4,moira,3,1,6,1760,5540,949
blue,blue_2025-11-26_01-32-17.png,1,blue,0,sigma,27,5,2,10765,581,13891
blue,blue_2025-11-26_01-32-17.png,1,blue,1,tracer,24,0,4,5606,0,0
blue,blue_2025-11-26_01-32-17.png,1,blue,2,cassidy,21,0,4,8892,0,85
blue,blue_2025-11-26_01-32-17.png,1,blue,3,wuyang,14,10,3,5126,6215,496
blue,blue_2025-11-26_01-32-17.png,1,blue,4,kiriko,12,27,3,3262,7986,0
blue,blue_2025-11-26_01-32-17.png,0,red,0,doomfist,8,1,7,7990,120,11200
blue,blue_2025-11-26_01-32-17.png,0,red,1,ashe,0,0,0,6296,497,131
blue,blue_2025-11-26_01-32-17.png,0,red,2,symmetra,8,1,8,5709,17,280
blue,blue_2025-11-26_01-32-17.png,0,red,3,ana,6,0,9,1320,7891,183
blue,blue_2025-11-26_01-32-17.png,0,red,4,kiriko,6,7,6,2910,7288,0
blue,blue_2025-11-26_01-32-38.png,1,blue,0,wrecking_ball,12,0,1,3954,0,2111
blue,blue_2025-11-26_01-32-38.png,1,blue,1,cassidy,11,0,4,4864,0,75
blue,blue_2025-11-26_01-32-38.png,1,blue,2,widowmaker,6,0,1,2396,0,0
blue,blue_2025-11-26_01-32-38.png,1,blue,3,moira,8,7,3,3193,2807,0
blue,blue_2025-11-26_01-32-38.png,1,blue,4,ana,0,6,2,1358,2889,66
blue,blue_2025-11-26_01-32-38.png,0,red,0,dva,5,0,5,4493,0,2474
blue,blue_2025-11-26_01-32-38.png,0,red,1,ashe,7,0,2,4227,0,0
blue,blue_2025-11-26_01-32-38.png,0,red,2,cassidy,3,0,4,3749,0,65
blue,blue_2025-11-26_01-32-38.png,0,red,3,ana,0,3,4,542,3750,0
blue,blue_2025-11-26_01-32-38.png,0,red,4,kiriko,4,0,5,3102,2276,0
blue,blue_2025-11-26_01-32-51.png,1,blue,0,winston,13,5,2,5941,282,9549
blue,blue_2025-11-26_01-32-51.png,1,blue,1,cassidy,12,0,2,5884,0,44
blue,blue_2025-11-26_01-32-51.png,1,blue,2,echo,8,3,3,4587,269,389
blue,blue_2025-11-26_01-32-51.png,1,blue,3,ana,0,6,3,835,4893,656
blue,blue_2025-11-26_01-32-51.png,1,blue,4,kiriko,11,8,3,4277,4270,0
blue,blue_2025-11-26_01-32-51.png,0,red,0,zarya,11,1,5,5634,0,2944
blue,blue_2025-11-26_01-32-51.png,0,red,1,ashe,8,5,4,4479,0,0
blue,blue_2025-11-26_01-32-51.png,0,red,2,cassidy,7,2,4,4757,0,173
blue,blue_2025-11-26_01-32-51.png,0,red,3,ana,3,9,2,1853,4898,785
blue,blue_2025-11-26_01-32-51.png,0,red,4,wuyang,0,3,5,1365,5476,450
blue,blue_2025-11-26_01-33-01.png,1,blue,0,dva,24,0,3,10886,710,9689
blue,blue_2025-11-26_01-33-01.png,1,blue,1,widowmaker,13,4,5,5574,0,0
blue,blue_2025-11-26_01-33-01.png,1,blue,2,bastion,7,3,6,10688,0,1276
blue,blue_2025-11-26_01-33-01.png,1,blue,3,baptiste,16,16,5,3184,11936,1123
blue,blue_2025-11-26_01-33-01.png,1,blue,4,ana,0,15,3,2522,8537,310
blue,blue_2025-11-26_01-33-01.png,0,red,0,doomfist,13,3,14,8864,1067,6232
blue,blue_2025-11-26_01-33-01.png,0,red,1,widowmaker,5,6,6,7404,0,0
blue,blue_2025-11-26_01-33-01.png,0,red,2,symmetra,12,0,8,8987,177,1840
blue,blue_2025-11-26_01-33-01.png,0,red,3,ana,10,9,6,6804,4296,663
blue,blue_2025-11-26_01-33-01.png,0,red,4,lifeweaver,7,6,3,4440,7189,304
blue,blue_2025-11-26_02-26-39.png,1,blue,0,winston,32,4,12,18977,853,20224
blue,blue_2025-11-26_02-26-39.png,1,blue,1,ashe,23,0,0,16545,0,0
blue,blue_2025-11-26_02-26-39.png,1,blue,2,sojourn,28,1,11,18633,0,40
blue,blue_2025-11-26_02-26-39.png,1,blue,3,ana,16,25,7,9210,17359,1914
blue,blue_2025-11-26_02-26-39.png,1,blue,4,juno,16,22,7,2956,21930,0
blue,blue_2025-11-26_02-26-39.png,0,red,0,mauga,33,14,14,20840,3041,8262
blue,blue_2025-11-26_02-26-39.png,0,red,1,ashe,21,2,13,11307,1401,290
blue,blue_2025-11-26_02-26-39.png,0,red,2,sojourn,32,0,7,20804,0,0
blue,blue_2025-11-26_02-26-39.png,0,red,3,kiriko,8,20,5,3241,16609,0
blue,blue_2025-11-26_02-26-39.png,0,red,4,ana,22,23,6,7448,17537,1374
blue,blue_2025-11-26_02-44-21.png,1,blue,0,winston,25,2,7,10685,362,7959
blue,blue_2025-11-26_02-44-21.png,1,blue,1,ashe,24,5,8,11485,0,0
blue,blue_2025-11-26_02-44-21.png,1,blue,2,sombra,23,7,7,7347,332,0
blue,blue_2025-11-26_02-44-21.png,1,blue,3,kiriko,18,14,8,6200,9314,1657
blue,blue_2025-11-26_02-44-21.png,1,blue,4,ana,18,19,8,4788,9719,562
blue,blue_2025-11-26_02-44-21.png,0,red,0,hazard,20,2,8,12718,189,5686
blue,blue_2025-11-26_02-44-21.png,0,red,1,cassidy,15,1,11,8411,0,176
blue,blue_2025-11-26_02-44-21.png,0,red,2,genji,21,1,12,7306,245,1355
blue,blue_2025-11-26_02-44-21.png,0,red,3,wuyang,11,5,0,4820,10614,407
blue,blue_2025-11-26_02-44-21.png,0,red,4,ana,7,9,8,4269,9492,949
blue,blue_2025-11-26_02-48-19.png,1,blue,0,dva,16,5,8,9440,0,6921
blue,blue_2025-11-26_02-48-19.png,1,blue,1,ashe,24,6,6,9170,54,0
blue,blue_2025-11-26_02-48-19.png,1,blue,2,genji,28,1,4,10236,226,1925
blue,blue_2025-11-26_02-48-19.png,1,blue,3,wuyang,15,4,6,4095,5358,444
blue,blue_2025-11-26_02-48-19.png,1,blue,4,kiriko,15,14,7,3262,6443,0
blue,blue_2025-11-26_02-48-19.png,0,red,0,winston,21,2,7,9193,4277,13575
blue,blue_2025-11-26_02-48-19.png,0,red,1,mei,12,4,10,5254,1661,4049
blue,blue_2025-11-26_02-48-19.png,0,red,2,reaper,12,0,11,6731,1601,0
blue,blue_2025-11-26_02-48-19.png,0,red,3,ana,7,6,5,3625,6238,673
blue,blue_2025-11-26_02-48-19.png,0,red,4,kiriko,11,16,9,3611,5986,464
blue,blue_2025-11-26_02-48-28.png,1,blue,0,winston,26,3,4,10431,1244,15783
blue,blue_2025-11-26_02-48-28.png,1,blue,1,sojourn,19,0,8,10134,0,0
blue,blue_2025-11-26_02-48-28.png,1,blue,2,tracer,26,0,4,6760,0,0
blue,blue_2025-11-26_02-48-28.png,1,blue,3,ana,14,14,8,4573,6406,502
blue,blue_2025-11-26_02-48-28.png,1,blue,4,wuyang,18,6,6,5698,8603,516
blue,blue_2025-11-26_02-48-28.png,0,red,0,hazard,18,1,7,10974,0,4874
blue,blue_2025-11-26_02-48-28.png,0,red,1,reaper,12,0,11,5644,984,0
blue,blue_2025-11-26_02-48-28.png,0,red,2,hanzo,10,0,11,6757,75,137
blue,blue_2025-11-26_02-48-28.png,0,red,3,ana,10,13,7,4732,8584,1007
blue,blue_2025-11-26_02-48-28.png,0,red,4,wuyang,7,1,10,5081,8987,324
blue,blue_2025-11-26_02-48-43.png,1,blue,0,sigma,30,0,5,14623,0,26069
blue,blue_2025-11-26_02-48-43.png,1,blue,1,ashe,29,6,8,11969,0,0
blue,blue_2025-11-26_02-48-43.png,1,blue,2,genji,32,0,0,12692,0,1464
blue,blue_2025-11-26_02-48-43.png,1,blue,3,ana,16,24,6,5632,14272,620
blue,blue_2025-11-26_02-48-43.png,1,blue,4,zenyatta,30,37,8,9118,9924,0
blue,blue_2025-11-26_02-48-43.png,0,red,0,winston,10,1,14,6762,2377,16260
blue,blue_2025-11-26_02-48-43.png,0,red,1,genji,20,0,14,11151,378,3507
blue,blue_2025-11-26_02-48-43.png,0,red,2,ashe,19,2,13,15198,0,0
blue,blue_2025-11-26_02-48-43.png,0,red,3,zenyatta,18,20,10,8338,9724,0
blue,blue_2025-11-26_02-48-43.png,0,red,4,ana,7,17,11,3543,11921,1201
blue,blue_2025-11-26_02-49-17.png,1,blue,0,winston,21,4,6,10325,1142,13267
blue,blue_2025-11-26_02-49-17.png,1,blue,1,soldier,29,4,0,10917,364,115
blue,blue_2025-11-26_02-49-17.png,1,blue,2,tracer,20,0,4,7040,0,0
blue,blue_2025-11-26_02-49-17.png,1,blue,3,wuyang,7,6,7,6256,6129,861
blue,blue_2025-11-26_02-49-17.png,1,blue,4,ana,15,14,8,3525,6710,211
blue,blue_2025-11-26_02-49-17.png,0,red,0,doomfist,18,6,9,7401,498,4146
blue,blue_2025-11-26_02-49-17.png,0,red,1,soldier,18,2,11,11257,1781,0
blue,blue_2025-11-26_02-49-17.png,0,red,2,genji,15,0,7,5777,216,1286
blue,blue_2025-11-26_02-49-17.png,0,red,3,ana,7,16,5,6017,6847,501
blue,blue_2025-11-26_02-49-17.png,0,red,4,brigitte,12,16,6,3887,10156,4097
blue,blue_2025-11-26_02-49-27.png,1,blue,0,orisa,18,7,3,8942,0,7324
blue,blue_2025-11-26_02-49-27.png,1,blue,1,tracer,20,0,6,6301,0,6
blue,blue_2025-11-26_02-49-27.png,1,blue,2,genji,18,0,7,6093,0,1123
blue,blue_2025-11-26_02-49-27.png,1,blue,3,kiriko,16,16,4,6675,5852,0
blue,blue_2025-11-26_02-49-27.png,1,blue,4,ana,4,14,3,1884,8854,350
blue,blue_2025-11-26_02-49-27.png,0,red,0,orisa,18,5,5,8163,0,8007
blue,blue_2025-11-26_02-49-27.png,0,red,1,soldier,7,2,0,6098,859,0
blue,blue_2025-11-26_02-49-27.png,0,red,2,cassidy,16,3,7,5740,0,124
blue,blue_2025-11-26_02-49-27.png,0,red,3,kiriko,4,16,8,2538,7450,0
blue,blue_2025-11-26_02-49-27.png,0,red,4,ana,9,13,5,4213,7671,942
blue,blue_2025-11-26_02-49-50.png,1,blue,0,ramattra,21,3,7,11678,661,12370
blue,blue_2025-11-26_02-49-50.png,1,blue,1,echo,39,0,12,16595,482,7
blue,blue_2025-11-26_02-49-50.png,1,blue,2,genji,32,2,11,13059,520,1430
blue,blue_2025-11-26_02-49-50.png,1,blue,3,lucio,29,9,8,7457,10637,1455
blue,blue_2025-11-26_02-49-50.png,1,blue,4,kiriko,24,7,0,8862,10399,298
blue,blue_2025-11-26_02-49-50.png,0,red,0,winston,30,1,10,14735,0,19003
blue,blue_2025-11-26_02-49-50.png,0,red,1,tracer,24,2,14,13967,230,706
blue,blue_2025-11-26_02-49-50.png,0,red,2,sojourn,16,0,20,10560,260,1729
blue,blue_2025-11-26_02-49-50.png,0,red,3,ana,12,24,12,3049,14065,325
blue,blue_2025-11-26_02-49-50.png,0,red,4,kiriko,10,25,11,6069,12086,395
blue,blue_2025-11-26_02-49-59.png,1,blue,0,wrecking_ball,21,7,2,14421,0,7090
blue,blue_2025-11-26_02-49-59.png,1,blue,1,freja,20,3,8,10601,87,0
blue,blue_2025-11-26_02-49-59.png,1,blue,2,cassidy,7,5,3,7975,802,2314
blue,blue_2025-11-26_02-49-59.png,1,blue,3,wuyang,11,6,2,5341,13465,328
blue,blue_2025-11-26_02-49-59.png,1,blue,4,kiriko,14,12,7,4821,10453,707
blue,blue_2025-11-26_02-49-59.png,0,red,0,sigma,9,1,5,13556,1058,18576
blue,blue_2025-11-26_02-49-59.png,0,red,1,freja,8,0,10,10154,304,105
blue,blue_2025-11-26_02-49-59.png,0,red,2,sojourn,10,0,7,15569,199,0
blue,blue_2025-11-26_02-49-59.png,0,red,3,brigitte,6,14,8,3417,10446,1761
blue,blue_2025-11-26_02-49-59.png,0,red,4,moira,13,7,5,8324,12600,284
blue,blue_2025-11-26_02-50-31.png,1,blue,0,sigma,19,2,2,7577,0,10282
blue,blue_2025-11-26_02-50-31.png,1,blue,1,genji,18,0,2,6007,0,505
blue,blue_2025-11-26_02-50-31.png,1,blue,2,sojourn,21,0,3,6605,0,0
blue,blue_2025-11-26_02-50-31.png,1,blue,3,moira,29,9,1,6967,7247,0
blue,blue_2025-11-26_02-50-31.png,1,blue,4,lucio,14,7,2,3091,4485,354
blue,blue_2025-11-26_02-50-31.png,0,red,0,reinhardt,4,2,7,6119,699,7236
blue,blue_2025-11-26_02-50-31.png,0,red,1,cassidy,8,0,7,4873,0,26
blue,blue_2025-11-26_02-50-31.png,0,red,2,echo,5,0,8,4874,52,603
blue,blue_2025-11-26_02-50-31.png,0,red,3,moira,4,5,8,1967,7585,508
blue,blue_2025-11-26_02-50-31.png,0,red,4,kiriko,2,3,8,1295,7495,0
blue,blue_2025-11-26_02-50-45.png,1,blue,0,mauga,25,16,7,11553,2116,4543
blue,blue_2025-11-26_02-50-45.png,1,blue,1,cassidy,23,7,5,8240,357,61
blue,blue_2025-11-26_02-50-45.png,1,blue,2,reaper,25,0,0,8588,1484,0
blue,blue_2025-11-26_02-50-45.png,1,blue,3,kiriko,19,14,5,7792,8065,0
blue,blue_2025-11-26_02-50-45.png,1,blue,4,lucio,13,19,5,3941,6999,1634
blue,blue_2025-11-26_02-50-45.png,0,red,0,junker_queen,22,6,10,11822,1420,7217
blue,blue_2025-11-26_02-50-45.png,0,red,1,tracer,15,0,6,6840,0,0
blue,blue_2025-11-26_02-50-45.png,0,red,2,cassidy,19,2,7,10357,0,249
blue,blue_2025-11-26_02-50-45.png,0,red,3,brigitte,16,17,9,6260,12233,2896
blue,blue_2025-11-26_02-50-45.png,0,red,4,kiriko,6,17,9,2128,7940,0
blue,blue_2025-11-26_02-54-29.png,1,blue,0,reinhardt,30,4,9,12901,0,28743
blue,blue_2025-11-26_02-54-29.png,1,blue,1,genji,29,0,13,10346,0,2277
blue,blue_2025-11-26_02-54-29.png,1,blue,2,ashe,28,8,10,13613,284,1202
blue,blue_2025-11-26_02-54-29.png,1,blue,3,baptiste,15,29,5,5894,20020,944
blue,blue_2025-11-26_02-54-29.png,1,blue,4,wuyang,20,19,3,7583,13066,2458
blue,blue_2025-11-26_02-54-29.png,0,red,0,sigma,15,2,10,19025,0,25715
blue,blue_2025-11-26_02-54-29.png,0,red,1,cassidy,28,1,11,16648,0,585
blue,blue_2025-11-26_02-54-29.png,0,red,2,genji,25,0,10,10110,0,3678
blue,blue_2025-11-26_02-54-29.png,0,red,3,ana,22,16,8,6382,10970,927
blue,blue_2025-11-26_02-54-29.png,0,red,4,lifeweaver,7,21,7,1996,14551,697
blue,blue_2025-11-26_02-54-42.png,1,blue,0,zarya,30,0,7,16784,670,10901
blue,blue_2025-11-26_02-54-42.png,1,blue,1,ashe,25,6,11,12318,189,0
blue,blue_2025-11-26_02-54-42.png,1,blue,2,genji,35,1,0,13933,154,1734
blue,blue_2025-11-26_02-54-42.png,1,blue,3,ana,19,20,10,4115,14569,2017
blue,blue_2025-11-26_02-54-42.png,1,blue,4,zenyatta,19,28,7,5887,14856,627
blue,blue_2025-11-26_02-54-42.png,0,red,0,junker_queen,20,8,12,12907,112,10155
blue,blue_2025-11-26_02-54-42.png,0,red,1,ashe,29,5,11,15849,0,45
blue,blue_2025-11-26_02-54-42.png,0,red,2,symmetra,20,5,11,9887,1821,4783
blue,blue_2025-11-26_02-54-42.png,0,red,3,kiriko,16,17,15,8168,10716,477
blue,blue_2025-11-26_02-54-42.png,0,red,4,zenyatta,7,20,13,6383,11472,0
blue,blue_2025-11-26_02-55-11.png,1,blue,0,ramattra,30,9,12,15416,393,13176
blue,blue_2025-11-26_02-55-11.png,1,blue,1,pharah,33,2,11,17760,395,1413
blue,blue_2025-11-26_02-55-11.png,1,blue,2,sombra,42,7,14,14871,604,271
blue,blue_2025-11-26_02-55-11.png,1,blue,3,kiriko,21,26,6,7435,12646,862
blue,blue_2025-11-26_02-55-11.png,1,blue,4,mercy,0,26,8,5705,9346,528
blue,blue_2025-11-26_02-55-11.png,0,red,0,reinhardt,21,0,13,13533,0,30144
blue,blue_2025-11-26_02-55-11.png,0,red,1,cassidy,30,0,13,13957,321,92
blue,blue_2025-11-26_02-55-11.png,0,red,2,symmetra,31,12,11,10539,724,1631
blue,blue_2025-11-26_02-55-11.png,0,red,3,brigitte,12,20,11,8114,14736,2125
blue,blue_2025-11-26_02-55-11.png,0,red,4,ana,16,17,15,5349,13459,1063
blue,blue_2025-11-26_02-55-19.png,1,blue,0,dva,29,17,5,11302,626,15087
blue,blue_2025-11-26_02-55-19.png,1,blue,1,echo,28,0,12,11102,0,1241
blue,blue_2025-11-26_02-55-19.png,1,blue,2,sojourn,38,2,6,13981,0,0
blue,blue_2025-11-26_02-55-19.png,1,blue,3,juno,19,16,7,5025,10276,0
blue,blue_2025-11-26_02-55-19.png,1,blue,4,ana,14,18,4,4830,7830,513
blue,blue_2025-11-26_02-55-19.png,0,red,0,dva,23,6,11,12808,0,14944
blue,blue_2025-11-26_02-55-19.png,0,red,1,echo,7,1,7,8281,250,230
blue,blue_2025-11-26_02-55-19.png,0,red,2,sombra,15,2,15,9165,143,925
blue,blue_2025-11-26_02-55-19.png,0,red,3,baptiste,6,8,7,2775,7388,15
blue,blue_2025-11-26_02-55-19.png,0,red,4,ana,10,19,0,5875,9644,245
blue,blue_2025-11-26_02-55-31.png,1,blue,0,winston,28,4,4,12711,0,13816
blue,blue_2025-11-26_02-55-31.png,1,blue,1,freja,23,1,3,12101,230,0
blue,blue_2025-11-26_02-55-31.png,1,blue,2,genji,15,2,0,6950,36,1184
blue,blue_2025-11-26_02-55-31.png,1,blue,3,zenyatta,16,22,4,6153,7059,0
blue,blue_2025-11-26_02-55-31.png,1,blue,4,ana,15,7,4,5026,5782,1016
blue,blue_2025-11-26_02-55-31.png,0,red,0,roadhog,7,0,7,6827,5159,1712
blue,blue_2025-11-26_02-55-31.png,0,red,1,ashe,7,2,8,5465,0,105
blue,blue_2025-11-26_02-55-31.png,0,red,2,freja,11,1,11,6590,573,34
blue,blue_2025-11-26_02-55-31.png,0,red,3,kiriko,7,11,0,2928,8797,183
blue,blue_2025-11-26_02-55-31.png,0,red,4,brigitte,10,12,0,4165,9804,3503
blue,blue_2025-11-26_02-55-37.png,1,blue,0,wrecking_ball,30,6,3,11069,504,3696
blue,blue_2025-11-26_02-55-37.png,1,blue,1,pharah,23,6,8,8494,29,771
blue,blue_2025-11-26_02-55-37.png,1,blue,2,soldier,18,0,10,7812,521,0
blue,blue_2025-11-26_02-55-37.png,1,blue,3,ana,22,8,7,7169,5912,399
blue,blue_2025-11-26_02-55-37.png,1,blue,4,mercy,6,20,3,3005,9567,40
blue,blue_2025-11-26_02-55-37.png,0,red,0,sigma,12,0,6,11156,0,8580
blue,blue_2025-11-26_02-55-37.png,0,red,1,soldier,9,3,11,8170,1820,0
blue,blue_2025-11-26_02-55-37.png,0,red,2,pharah,20,1,11,11716,0,0
blue,blue_2025-11-26_02-55-37.png,0,red,3,moira,12,11,8,4287,9907,0
blue,blue_2025-11-26_02-55-37.png,0,red,4,mercy,2,20,10,1538,7677,137
blue,blue_2025-11-26_02-56-08.png,1,blue,0,winston,23,4,4,8363,0,7987
blue,blue_2025-11-26_02-56-08.png,1,blue,1,reaper,7,0,6,6137,1195,0
blue,blue_2025-11-26_02-56-08.png,1,blue,2,tracer,25,0,4,5900,0,0
blue,blue_2025-11-26_02-56-08.png,1,blue,3,ana,15,19,6,2815,6219,510
blue,blue_2025-11-26_02-56-08.png,1,blue,4,kiriko,19,16,3,5969,5745,0
blue,blue_2025-11-26_02-56-08.png,0,red,0,junker_queen,11,3,7,6265,821,3342
blue,blue_2025-11-26_02-56-08.png,0,red,1,tracer,7,0,5,4560,0,655
blue,blue_2025-11-26_02-56-08.png,0,red,2,reaper,16,0,7,7139,1428,0
blue,blue_2025-11-26_02-56-08.png,0,red,3,baptiste,6,7,6,4609,4774,498
blue,blue_2025-11-26_02-56-08.png,0,red,4,ana,6,9,8,2871,6038,236
blue,blue_2025-11-26_02-56-40.png,1,blue,0,winston,26,2,5,10511,0,19250
blue,blue_2025-11-26_02-56-40.png,1,blue,1,reaper,25,0,7,9780,1556,395
blue,blue_2025-11-26_02-56-40.png,1,blue,2,cassidy,19,3,2,11246,0,88
blue,blue_2025-11-26_02-56-40.png,1,blue,3,zenyatta,18,27,4,5163,11779,153
blue,blue_2025-11-26_02-56-40.png,1,blue,4,kiriko,16,23,1,5887,13540,0
blue,blue_2025-11-26_02-56-40.png,0,red,0,winston,13,3,11,10309,970,15242
blue,blue_2025-11-26_02-56-40.png,0,red,1,cassidy,11,1,10,14411,0,551
blue,blue_2025-11-26_02-56-40.png,0,red,2,junkrat,9,0,0,9513,0,245
blue,blue_2025-11-26_02-56-40.png,0,red,3,wuyang,8,0,0,5064,8036,68
blue,blue_2025-11-26_02-56-40.png,0,red,4,ana,5,9,8,3724,10551,1210
blue,blue_2025-11-26_02-56-49.png,1,blue,0,winston,39,9,6,16711,1070,26236
blue,blue_2025-11-26_02-56-49.png,1,blue,1,reaper,18,2,11,12875,1060,319
blue,blue_2025-11-26_02-56-49.png,1,blue,2,genji,26,0,14,11831,0,1693
blue,blue_2025-11-26_02-56-49.png,1,blue,3,ana,15,11,15,7042,13175,912
blue,blue_2025-11-26_02-56-49.png,1,blue,4,kiriko,23,26,9,7686,15994,0
blue,blue_2025-11-26_02-56-49.png,0,red,0,winston,39,10,0,17592,894,25054
blue,blue_2025-11-26_02-56-49.png,0,red,1,sojourn,34,0,13,13845,0,0
blue,blue_2025-11-26_02-56-49.png,0,red,2,cassidy,23,3,14,14052,666,260
blue,blue_2025-11-26_02-56-49.png,0,red,3,ana,20,26,10,7413,16245,1844
blue,blue_2025-11-26_02-56-49.png,0,red,4,wuyang,7,17,8,5412,13822,419
blue,blue_2025-11-26_02-57-02.png,1,blue,0,winston,7,5,2,8528,311,12679
blue,blue_2025-11-26_02-57-02.png,1,blue,1,tracer,16,0,5,5977,0,0
blue,blue_2025-11-26_02-57-02.png,1,blue,2,mei,12,6,4,5133,1200,3105
blue,blue_2025-11-26_02-57-02.png,1,blue,3,kiriko,7,9,6,3373,6211,0
blue,blue_2025-11-26_02-57-02.png,1,blue,4,wuyang,0,5,5,5594,6617,331
blue,blue_2025-11-26_02-57-02.png,0,red,0,hazard,10,1,6,6808,0,2091
blue,blue_2025-11-26_02-57-02.png,0,red,1,freja,11,0,6,6764,317,0
blue,blue_2025-11-26_02-57-02.png,0,red,2,echo,11,1,5,6097,0,617
blue,blue_2025-11-26_02-57-02.png,0,red,3,kiriko,4,6,4,3319,7077,0
blue,blue_2025-11-26_02-57-02.png,0,red,4,wuyang,8,2,4,3116,8136,250
blue,blue_2025-11-26_02-57-08.png,1,blue,0,winston,21,3,5,14964,0,19436
blue,blue_2025-11-26_02-57-08.png,1,blue,1,genji,27,0,7,15263,77,860
blue,blue_2025-11-26_02-57-08.png,1,blue,2,venture,14,2,12,10325,0,1432
blue,blue_2025-11-26_02-57-08.png,1,blue,3,ana,8,11,8,4138,13971,970
blue,blue_2025-11-26_02-57-08.png,1,blue,4,zenyatta,16,21,7,8327,13567,0
blue,blue_2025-11-26_02-57-08.png,0,red,0,orisa,18,5,10,13050,1132,14041
blue,blue_2025-11-26_02-57-08.png,0,red,1,reaper,20,0,7,9999,1829,0
blue,blue_2025-11-26_02-57-08.png,0,red,2,hanzo,26,4,8,14674,0,0
blue,blue_2025-11-26_02-57-08.png,0,red,3,illari,15,9,5,8152,12641,2699
blue,blue_2025-11-26_02-57-08.png,0,red,4,ana,4,22,5,3111,16939,1010
blue,blue_2025-11-26_02-57-17.png,1,blue,0,wrecking_ball,22,1,10,6653,0,8959
blue,blue_2025-11-26_02-57-17.png,1,blue,1,ashe,20,3,11,10077,553,0
blue,blue_2025-11-26_02-57-17.png,1,blue,2,hanzo,25,3,11,10501,80,575
blue,blue_2025-11-26_02-57-17.png,1,blue,3,kiriko,7,19,11,5259,9222,0
blue,blue_2025-11-26_02-57-17.png,1,blue,4,ana,7,11,6,4325,8153,333
blue,blue_2025-11-26_02-57-17.png,0,red,0,orisa,34,7,10,12400,0,9367
blue,blue_2025-11-26_02-57-17.png,0,red,1,sombra,28,4,11,11585,336,32
blue,blue_2025-11-26_02-57-17.png,0,red,2,tracer,24,1,9,8355,0,41
blue,blue_2025-11-26_02-57-17.png,0,red,3,wuyang,21,8,9,5040,8172,225
blue,blue_2025-11-26_02-57-17.png,0,red,4,kiriko,12,17,9,5788,5601,80
blue,blue_2025-11-26_02-57-32.png,1,blue,0,winston,24,3,1,9326,0,8934
blue,blue_2025-11-26_02-57-32.png,1,blue,1,reaper,25,0,4,6674,1205,0
blue,blue_2025-11-26_02-57-32.png,1,blue,2,cassidy,28,2,1,11479,575,61
blue,blue_2025-11-26_02-57-32.png,1,blue,3,zenyatta,12,19,3,4912,1716,0
blue,blue_2025-11-26_02-57-32.png,1,blue,4,ana,0,15,2,2003,7763,576
blue,blue_2025-11-26_02-57-32.png,0,red,0,orisa,5,0,8,6720,0,7788
blue,blue_2025-11-26_02-57-32.png,0,red,1,soldier,2,0,7,7092,605,35
blue,blue_2025-11-26_02-57-32.png,0,red,2,genji,5,1,11,7257,378,2076
blue,blue_2025-11-26_02-57-32.png,0,red,3,kiriko,4,0,8,5110,6592,0
blue,blue_2025-11-26_02-57-32.png,0,red,4,ana,1,6,8,4002,8435,627
blue,blue_2025-11-26_02-57-36.png,1,blue,0,wrecking_ball,16,5,3,8584,500,2542
blue,blue_2025-11-26_02-57-36.png,1,blue,1,venture,23,0,5,9508,0,1573
blue,blue_2025-11-26_02-57-36.png,1,blue,2,sojourn,24,0,6,12876,0,0
blue,blue_2025-11-26_02-57-36.png,1,blue,3,mercy,2,29,6,559,10109,28
blue,blue_2025-11-26_02-57-36.png,1,blue,4,zenyatta,26,14,5,9374,4397,0
blue,blue_2025-11-26_02-57-36.png,0,red,0,winston,11,2,0,9205,672,14661
blue,blue_2025-11-26_02-57-36.png,0,red,1,junkrat,11,0,9,9634,663,690
blue,blue_2025-11-26_02-57-36.png,0,red,2,cassidy,12,1,13,7702,458,2293
blue,blue_2025-11-26_02-57-36.png,0,red,3,wuyang,8,2,7,6249,7109,387
blue,blue_2025-11-26_02-57-36.png,0,red,4,kiriko,4,8,8,2649,8756,0
blue,blue_2025-11-26_02-58-03.png,1,blue,0,winston,25,8,4,10804,1351,12617
blue,blue_2025-11-26_02-58-03.png,1,blue,1,ashe,21,3,7,7512,0,0
blue,blue_2025-11-26_02-58-03.png,1,blue,2,reaper,18,0,5,9844,1468,60
blue,blue_2025-11-26_02-58-03.png,1,blue,3,kiriko,11,8,8,446,6773,0
blue,blue_2025-11-26_02-58-03.png,1,blue,4,ana,0,7,9,2035,4026,340
blue,blue_2025-11-26_02-58-03.png,0,red,0,junker_queen,7,6,7,9109,1144,4809
blue,blue_2025-11-26_02-58-03.png,0,red,1,soldier,12,2,11,8625,613,18
blue,blue_2025-11-26_02-58-03.png,0,red,2,pharah,22,0,8,8405,0,0
blue,blue_2025-11-26_02-58-03.png,0,red,3,mercy,3,6,0,1368,4827,98
blue,blue_2025-11-26_02-58-03.png,0,red,4,ana,2,14,8,2214,8703,382
blue,blue_2025-11-26_02-58-07.png,1,blue,0,winston,20,2,1,5065,0,7938
blue,blue_2025-11-26_02-58-07.png,1,blue,1,sojourn,21,0,3,6084,0,0
blue,blue_2025-11-26_02-58-07.png,1,blue,2,reaper,14,0,5,3987,636,0
blue,blue_2025-11-26_02-58-07.png,1,blue,3,zenyatta,0,19,2,2014,3584,0
blue,blue_2025-11-26_02-58-07.png,1,blue,4,ana,8,15,3,1281,4257,41
blue,blue_2025-11-26_02-58-07.png,0,red,0,doomfist,2,1,7,4042,272,4321
blue,blue_2025-11-26_02-58-07.png,0,red,1,cassidy,0,2,7,3192,0,120
blue,blue_2025-11-26_02-58-07.png,0,red,2,genji,9,0,7,4537,0,241
blue,blue_2025-11-26_02-58-07.png,0,red,3,ana,5,1,3,1940,3472,430
blue,blue_2025-11-26_02-58-07.png,0,red,4,zenyatta,5,0,5,1931,2142,0
red,2025-11-25 030219.png,0,blue,0,junker_queen,20,6,11,15302,4371,5760
red,2025-11-25 030219.png,0,blue,1,freja,14,0,10,11939,211,0
red,2025-11-25 030219.png,0,blue,2,ashe,15,1,10,11525,0,92
red,2025-11-25 030219.png,0,blue,3,kiriko,13,15,11,5619,6477,0
red,2025-11-25 030219.png,0,blue,4,ana,11,11,11,4125,8164,2423
red,2025-11-25 030219.png,1,red,0,ramattra,31,2,5,14633,324,16532
red,2025-11-25 030219.png,1,red,1,cassidy,33,3,8,13001,706,196
red,2025-11-25 030219.png,1,red,2,genji,21,0,10,10491,89,1374
red,2025-11-25 030219.png,1,red,3,ana,19,27,4,4295,15017,1878
red,2025-11-25 030219.png,1,red,4,kiriko,13,29,7,3502,13903,0
red,2025-11-25 030254.png,0,blue,0,winston,10,2,5,8008,559,13281
red,2025-11-25 030254.png,0,blue,1,cassidy,6,0,7,6129,0,150
red,2025-11-25 030254.png,0,blue,2,genji,4,1,11,4162,141,567
red,2025-11-25 030254.png,0,blue,3,ana,2,6,7,2843,5314,652
red,2025-11-25 030254.png,0,blue,4,lucio,4,3,0,2261,4567,801
red,2025-11-25 030254.png,1,red,0,dva,19,7,3,5602,0,8314
red,2025-11-25 030254.png,1,red,1,cassidy,20,0,3,7464,0,30
red,2025-11-25 030254.png,1,red,2,symmetra,25,6,3,7288,222,899
red,2025-11-25 030254.png,1,red,3,moira,19,13,2,4410,7818,0
red,2025-11-25 030254.png,1,red,4,ana,11,17,2,3542,6424,355
red,2025-11-25 030410.png,0,blue,0,dva,10,4,8,7559,2199,7062
red,2025-11-25 030410.png,0,blue,1,ashe,7,3,0,9378,0,1
red,2025-11-25 030410.png,0,blue,2,reaper,6,0,13,8196,561,843
red,2025-11-25 030410.png,0,blue,3,brigitte,8,7,0,5537,9480,5363
red,2025-11-25 030410.png,0,blue,4,ana,3,6,0,3609,8283,306
red,2025-11-25 030410.png,1,red,0,dva,30,16,3,13372,356,9722
red,2025-11-25 030410.png,1,red,1,tracer,23,0,2,6350,0,0
red,2025-11-25 030410.png,1,red,2,mei,21,4,4,10931,1688,3857
red,2025-11-25 030410.png,1,red,3,ana,12,21,2,4092,9298,324
red,2025-11-25 030410.png,1,red,4,zenyatta,25,20,4,8575,8505,0
red,red_2025-11-26_01-22-31.png,0,blue,0,mauga,5,1,8,5054,626,2638
red,red_2025-11-26_01-22-31.png,0,blue,1,ashe,10,1,8,5767,0,0
red,red_2025-11-26_01-22-31.png,0,blue,2,mei,2,0,0,4310,873,1621
red,red_2025-11-26_01-22-31.png,0,blue,3,zenyatta,4,6,6,2256,4336,0
red,red_2025-11-26_01-22-31.png,0,blue,4,wuyang,2,6,5,1619,6828,620
red,red_2025-11-26_01-22-31.png,1,red,0,ramattra,18,2,2,5889,545,3700
red,red_2025-11-26_01-22-31.png,1,red,1,ashe,7,3,5,8094,0,0
red,red_2025-11-26_01-22-31.png,1,red,2,sombra,13,0,3,6241,0,0
red,red_2025-11-26_01-22-31.png,1,red,3,illari,14,6,1,4442,4639,0
red,red_2025-11-26_01-22-31.png,1,red,4,kiriko,20,17,0,4246,5265,0
red,red_2025-11-26_01-26-52.png,0,blue,0,orisa,6,2,7,7129,0,7185
red,red_2025-11-26_01-26-52.png,0,blue,1,tracer,8,1,8,3305,0,0
red,red_2025-11-26_01-26-52.png,0,blue,2,sojourn,8,0,5,6778,0,0
red,red_2025-11-26_01-26-52.png,0,blue,3,kiriko,5,6,7,2107,4211,0
red,red_2025-11-26_01-26-52.png,0,blue,4,ana,1,2,7,1478,3465,97
red,red_2025-11-26_01-26-52.png,1,red,0,junker_queen,16,7,2,6701,2159,1648
red,red_2025-11-26_01-26-52.png,1,red,1,junkrat,12,4,3,6377,0,0
red,red_2025-11-26_01-26-52.png,1,red,2,sombra,19,2,5,4746,247,0
red,red_2025-11-26_01-26-52.png,1,red,3,ana,10,10,3,1615,5891,661
red,red_2025-11-26_01-26-52.png,1,red,4,kiriko,5,15,0,1915,4432,0
red,red_2025-11-26_01-27-03.png,0,blue,0,doomfist,3,1,7,3361,312,1993
red,red_2025-11-26_01-27-03.png,0,blue,1,tracer,5,0,7,2915,0,0
red,red_2025-11-26_01-27-03.png,0,blue,2,genji,3,0,5,2820,50,491
red,red_2025-11-26_01-27-03.png,0,blue,3,lucio,2,3,5,1804,2585,825
red,red_2025-11-26_01-27-03.png,0,blue,4,ana,2,3,7,1496,2296,258
red,red_2025-11-26_01-27-03.png,1,red,0,reinhardt,18,2,1,4194,0,1683
red,red_2025-11-26_01-27-03.png,1,red,1,mei,16,3,2,3466,735,352
red,red_2025-11-26_01-27-03.png,1,red,2,venture,18,2,0,5284,0,839
red,red_2025-11-26_01-27-03.png,1,red,3,ana,6,8,2,1435,3078,97
red,red_2025-11-26_01-27-03.png,1,red,4,illari,14,6,0,2444,3737,0
red,red_2025-11-26_01-27-23.png,0,blue,0,zarya,10,5,4,9399,0,5223
red,red_2025-11-26_01-27-23.png,0,blue,1,ashe,11,0,7,5335,0,0
red,red_2025-11-26_01-27-23.png,0,blue,2,reaper,0,0,0,6793,1056,120
red,red_2025-11-26_01-27-23.png,0,blue,3,kiriko,6,3,7,2187,5428,0
red,red_2025-11-26_01-27-23.png,0,blue,4,illari,6,1,7,2833,4556,312
red,red_2025-11-26_01-27-23.png,1,red,0,winston,18,2,4,5711,76,11720
red,red_2025-11-26_01-27-23.png,1,red,1,junkrat,21,4,3,6879,0,0
red,red_2025-11-26_01-27-23.png,1,red,2,sombra,13,3,4,3945,408,0
red,red_2025-11-26_01-27-23.png,1,red,3,wuyang,16,7,3,4843,7252,307
red,red_2025-11-26_01-27-23.png,1,red,4,ana,10,12,3,3268,8359,188
red,red_2025-11-26_01-27-31.png,0,blue,0,doomfist,16,1,4,6320,586,4285
red,red_2025-11-26_01-27-31.png,0,blue,1,widowmaker,15,3,8,4597,0,0
red,red_2025-11-26_01-27-31.png,0,blue,2,ashe,0,2,0,8871,0,0
red,red_2025-11-26_01-27-31.png,0,blue,3,ana,5,6,6,2989,4165,488
red,red_2025-11-26_01-27-31.png,0,blue,4,illari,9,7,5,2410,10344,0
red,red_2025-11-26_01-27-31.png,1,red,0,zarya,16,5,3,8110,0,3868
red,red_2025-11-26_01-27-31.png,1,red,1,ashe,11,1,7,6541,235,521
red,red_2025-11-26_01-27-31.png,1,red,2,genji,19,0,5,7405,85,2402
red,red_2025-11-26_01-27-31.png,1,red,3,zenyatta,9,16,6,4820,5731,0
red,red_2025-11-26_01-27-31.png,1,red,4,juno,8,0,5,3868,7511,0
red,red_2025-11-26_01-27-52.png,0,blue,0,mauga,0,16,12,16060,2169,7972
red,red_2025-11-26_01-27-52.png,0,blue,1,sojourn,24,0,12,10989,0,0
red,red_2025-11-26_01-27-52.png,0,blue,2,cassidy,18,1,12,13071,0,259
red,red_2025-11-26_01-27-52.png,0,blue,3,lucio,19,18,8,7681,11749,511
red,red_2025-11-26_01-27-52.png,0,blue,4,ana,11,16,11,4657,9834,839
red,red_2025-11-26_01-27-52.png,1,red,0,doomfist,30,11,10,17271,849,8376
red,red_2025-11-26_01-27-52.png,1,red,1,tracer,29,0,7,10948,0,0
red,red_2025-11-26_01-27-52.png,1,red,2,reaper,25,0,8,9968,1739,0
red,red_2025-11-26_01-27-52.png,1,red,3,moira,21,19,7,7519,13209,0
red,red_2025-11-26_01-27-52.png,1,red,4,ana,13,14,11,5319,10214,1401
red,red_2025-11-26_01-28-12.png,0,blue,0,orisa,3,0,6,8080,0,8483
red,red_2025-11-26_01-28-12.png,0,blue,1,tracer,4,0,11,3702,0,0
red,red_2025-11-26_01-28-12.png,0,blue,2,sojourn,6,0,6,6815,0,0
red,red_2025-11-26_01-28-12.png,0,blue,3,ana,0,5,2,3363,4877,1315
red,red_2025-11-26_01-28-12.png,0,blue,4,kiriko,2,2,5,2884,4127,0
red,red_2025-11-26_01-28-12.png,1,red,0,roadhog,16,3,1,6460,5057,599
red,red_2025-11-26_01-28-12.png,1,red,1,mei,7,0,2,3746,2027,1342
red,red_2025-11-26_01-28-12.png,1,red,2,ashe,12,0,2,7032,0,0
red,red_2025-11-26_01-28-12.png,1,red,3,ana,6,8,0,693,7254,719
red,red_2025-11-26_01-28-12.png,1,red,4,zenyatta,13,10,3,3973,4925,0
red,red_2025-11-26_01-28-34.png,0,blue,0,orisa,3,0,7,6200,0,3015
red,red_2025-11-26_01-28-34.png,0,blue,1,tracer,6,0,6,4051,0,0
red,red_2025-11-26_01-28-34.png,0,blue,2,cassidy,4,0,6,7737,0,199
red,red_2025-11-26_01-28-34.png,0,blue,3,ana,6,5,1,2692,7669,820
red,red_2025-11-26_01-28-34.png,0,blue,4,kiriko,5,2,2,3534,4237,600
red,red_2025-11-26_01-28-34.png,1,red,0,reinhardt,7,1,2,4220,0,13569
red,red_2025-11-26_01-28-34.png,1,red,1,venture,6,0,4,4139,0,1047
red,red_2025-11-26_01-28-34.png,1,red,2,mei,8,1,2,4126,878,888
red,red_2025-11-26_01-28-34.png,1,red,3,ana,6,7,1,2966,6931,399
red,red_2025-11-26_01-28-34.png,1,red,4,zenyatta,18,6,1,7329,7411,0
red,red_2025-11-26_01-28-46.png,0,blue,0,zarya,13,3,9,10434,0,12354
red,red_2025-11-26_01-28-46.png,0,blue,1,tracer,10,0,8,5986,0,0
red,red_2025-11-26_01-28-46.png,0,blue,2,cassidy,15,1,10,11720,0,370
red,red_2025-11-26_01-28-46.png,0,blue,3,kiriko,7,16,7,3340,9617,0
red,red_2025-11-26_01-28-46.png,0,blue,4,ana,7,7,0,3990,10317,1346
red,red_2025-11-26_01-28-46.png,1,red,0,orisa,24,8,5,11510,0,12323
red,red_2025-11-26_01-28-46.png,1,red,1,cassidy,31,2,3,15534,0,361
red,red_2025-11-26_01-28-46.png,1,red,2,sombra,7,5,5,5826,236,0
red,red_2025-11-26_01-28-46.png,1,red,3,kiriko,6,21,3,2251,12067,0
red,red_2025-11-26_01-28-46.png,1,red,4,wuyang,13,5,6,4102,11035,40
red,red_2025-11-26_01-29-03.png,0,blue,0,winston,7,4,6,6917,147,8138
red,red_2025-11-26_01-29-03.png,0,blue,1,ashe,14,2,5,5459,0,0
red,red_2025-11-26_01-29-03.png,0,blue,2,genji,9,0,5,4743,115,968
red,red_2025-11-26_01-29-03.png,0,blue,3,ana,5,8,0,1159,6749,291
red,red_2025-11-26_01-29-03.png,0,blue,4,zenyatta,10,15,0,4815,7591,0
red,red_2025-11-26_01-29-03.png,1,red,0,winston,19,5,3,8324,740,9595
red,red_2025-11-26_01-29-03.png,1,red,1,reaper,7,0,4,6501,930,0
red,red_2025-11-26_01-29-03.png,1,red,2,ashe,14,1,0,7294,0,0
red,red_2025-11-26_01-29-03.png,1,red,3,kiriko,8,14,3,3457,7548,0
red,red_2025-11-26_01-29-03.png,1,red,4,ana,11,13,6,2443,3696,596
red,red_2025-11-26_01-29-36.png,0,blue,0,wrecking_ball,6,0,4,7551,0,2181
red,red_2025-11-26_01-29-36.png,0,blue,1,widowmaker,5,1,6,2514,0,3
red,red_2025-11-26_01-29-36.png,0,blue,2,symmetra,3,0,0,2693,133,364
red,red_2025-11-26_01-29-36.png,0,blue,3,ana,2,3,4,2759,2687,791
red,red_2025-11-26_01-29-36.png,0,blue,4,moira,1,2,5,2224,1377,0
red,red_2025-11-26_01-29-36.png,1,red,0,reinhardt,18,2,1,7815,0,8930
red,red_2025-11-26_01-29-36.png,1,red,1,widowmaker,0,2,3,2867,0,0
red,red_2025-11-26_01-29-36.png,1,red,2,tracer,13,0,2,5650,0,0
red,red_2025-11-26_01-29-36.png,1,red,3,ana,3,7,3,804,4268,44
red,red_2025-11-26_01-29-36.png,1,red,4,lifeweaver,7,10,2,1408,6727,261
red,red_2025-11-26_01-29-52.png,0,blue,0,zarya,4,0,4,3256,0,2045
red,red_2025-11-26_01-29-52.png,0,blue,1,widowmaker,3,0,1,1308,0,0
red,red_2025-11-26_01-29-52.png,0,blue,2,ashe,4,2,2,4672,0,0
red,red_2025-11-26_01-29-52.png,0,blue,3,lifeweaver,0,5,2,30,4627,218
red,red_2025-11-26_01-29-52.png,0,blue,4,ana,2,2,2,1698,2761,317
red,red_2025-11-26_01-29-52.png,1,red,0,dva,5,1,0,2782,0,3558
red,red_2025-11-26_01-29-52.png,1,red,1,ashe,5,0,2,2649,0,0
red,red_2025-11-26_01-29-52.png,1,red,2,reaper,6,0,2,2873,554,0
red,red_2025-11-26_01-29-52.png,1,red,3,ana,6,3,1,1669,3585,226
red,red_2025-11-26_01-29-52.png,1,red,4,illari,8,2,2,2951,1928,0
red,red_2025-11-26_01-30-32.png,0,blue,0,roadhog,6,0,2,3123,2499,370
red,red_2025-11-26_01-30-32.png,0,blue,1,ashe,11,1,5,6342,0,0
red,red_2025-11-26_01-30-32.png,0,blue,2,hanzo,6,1,0,5129,0,0
red,red_2025-11-26_01-30-32.png,0,blue,3,zenyatta,8,9,1,3801,4447,0
red,red_2025-11-26_01-30-32.png,0,blue,4,kiriko,2,6,4,1276,1853,0
red,red_2025-11-26_01-30-32.png,1,red,0,mauga,9,3,3,4991,0,1472
red,red_2025-11-26_01-30-32.png,1,red,1,reaper,0,0,3,3186,487,0
red,red_2025-11-26_01-30-32.png,1,red,2,widowmaker,7,0,5,4126,236,0
red,red_2025-11-26_01-30-32.png,1,red,3,ana,2,6,3,875,5186,0
red,red_2025-11-26_01-30-32.png,1,red,4,wuyang,4,3,3,2326,3316,180
red,red_2025-11-26_01-30-50.png,0,blue,0,doomfist,10,2,10,9663,509,5568
red,red_2025-11-26_01-30-50.png,0,blue,1,cassidy,7,1,5,7986,0,128
red,red_2025-11-26_01-30-50.png,0,blue,2,sojourn,16,0,7,9355,0,0
red,red_2025-11-26_01-30-50.png,0,blue,3,lifeweaver,3,7,3,590,7797,911
red,red_2025-11-26_01-30-50.png,0,blue,4,wuyang,6,2,6,4229,6738,465
red,red_2025-11-26_01-30-50.png,1,red,0,ramattra,16,3,3,9768,40,9437
red,red_2025-11-26_01-30-50.png,1,red,1,reaper,7,0,0,6150,1145,0
red,red_2025-11-26_01-30-50.png,1,red,2,sombra,14,0,0,6187,751,0
red,red_2025-11-26_01-30-50.png,1,red,3,kiriko,13,20,4,4518,10832,0
red,red_2025-11-26_01-30-50.png,1,red,4,ana,14,13,6,5310,6191,958
red,red_2025-11-26_01-30-57.png,0,blue,0,winston,7,2,8,8389,0,12561
red,red_2025-11-26_01-30-57.png,0,blue,1,widowmaker,16,2,11,4526,0,0
red,red_2025-11-26_01-30-57.png,0,blue,2,genji,18,0,0,8368,432,2097
red,red_2025-11-26_01-30-57.png,0,blue,3,ana,9,9,6,3040,5969,304
red,red_2025-11-26_01-30-57.png,0,blue,4,wuyang,10,0,0,3562,6937,125
red,red_2025-11-26_01-30-57.png,1,red,0,doomfist,22,1,7,10169,374,7756
red,red_2025-11-26_01-30-57.png,1,red,1,ashe,18,5,7,12069,0,0
red,red_2025-11-26_01-30-57.png,1,red,2,junkrat,16,0,10,6735,0,0
red,red_2025-11-26_01-30-57.png,1,red,3,ana,11,11,6,3963,6191,465
red,red_2025-11-26_01-30-57.png,1,red,4,kiriko,2,6,8,1289,3184,0
red,red_2025-11-26_01-31-06.png,0,blue,0,doomfist,7,1,9,7335,855,3475
red,red_2025-11-26_01-31-06.png,0,blue,1,tracer,14,0,5,6005,0,0
red,red_2025-11-26_01-31-06.png,0,blue,2,ashe,10,2,0,6209,0,0
red,red_2025-11-26_01-31-06.png,0,blue,3,brigitte,5,10,7,2818,6562,1044
red,red_2025-11-26_01-31-06.png,0,blue,4,wuyang,13,1,8,5055,4378,205
red,red_2025-11-26_01-31-06.png,1,red,0,doomfist,26,5,5,9598,408,3323
red,red_2025-11-26_01-31-06.png,1,red,1,sombra,15,9,5,4995,346,0
red,red_2025-11-26_01-31-06.png,1,red,2,freja,21,3,6,6644,73,111
red,red_2025-11-26_01-31-06.png,1,red,3,lucio,18,11,3,4870,6083,294
red,red_2025-11-26_01-31-06.png,1,red,4,wuyang,8,5,7,3127,1417,40
red,red_2025-11-26_01-31-14.png,0,blue,0,doomfist,5,2,6,4535,213,3603
red,red_2025-11-26_01-31-14.png,0,blue,1,widowmaker,15,0,5,5578,0,0
red,red_2025-11-26_01-31-14.png,0,blue,2,cassidy,7,0,4,6629,0,40
red,red_2025-11-26_01-31-14.png,0,blue,3,wuyang,6,0,3,2784,3803,548
red,red_2025-11-26_01-31-14.png,0,blue,4,kiriko,2,10,7,1493,5619,0
red,red_2025-11-26_01-31-14.png,1,red,0,ramattra,18,1,1,7824,173,3968
red,red_2025-11-26_01-31-14.png,1,red,1,freja,11,1,11,5316,0,0
red,red_2025-11-26_01-31-14.png,1,red,2,sojourn,10,0,9,5648,0,0
red,red_2025-11-26_01-31-14.png,1,red,3,kiriko,7,12,2,2288,5194,0
red,red_2025-11-26_01-31-14.png,1,red,4,ana,6,5,2,2937,4624,261
red,red_2025-11-26_01-31-22.png,0,blue,0,sigma,7,4,7,6942,0,6175
red,red_2025-11-26_01-31-22.png,0,blue,1,ashe,8,0,0,6095,0,0
red,red_2025-11-26_01-31-22.png,0,blue,2,hanzo,13,3,5,5181,0,0
red,red_2025-11-26_01-31-22.png,0,blue,3,kiriko,13,10,3,4937,9217,0
red,red_2025-11-26_01-31-22.png,0,blue,4,ana,4,8,6,3220,6287,111
red,red_2025-11-26_01-31-22.png,1,red,0,doomfist,21,0,3,10816,298,4400
red,red_2025-11-26_01-31-22.png,1,red,1,ashe,7,5,4,8108,0,0
red,red_2025-11-26_01-31-22.png,1,red,2,sombra,6,1,11,2606,159,0
red,red_2025-11-26_01-31-22.png,1,red,3,baptiste,12,6,2,4964,5627,120
red,red_2025-11-26_01-31-22.png,1,red,4,kiriko,8,8,3,2844,6573,0
red,red_2025-11-26_01-32-11.png,0,blue,0,wrecking_ball,7,2,6,6523,0,4424
red,red_2025-11-26_01-32-11.png,0,blue,1,tracer,7,0,5,4613,0,0
red,red_2025-11-26_01-32-11.png,0,blue,2,ashe,12,4,0,9558,0,170
red,red_2025-11-26_01-32-11.png,0,blue,3,ana,6,7,0,2082,5661,296
red,red_2025-11-26_01-32-11.png,0,blue,4,brigitte,4,5,10,2879,6296,2196
red,red_2025-11-26_01-32-11.png,1,red,0,roadhog,24,3,3,12000,5395,893
red,red_2025-11-26_01-32-11.png,1,red,1,sombra,14,4,3,4401,902,0
red,red_2025-11-26_01-32-11.png,1,red,2,ashe,21,3,2,10433,0,0
red,red_2025-11-26_01-32-11.png,1,red,3,moira,16,11,4,3532,6364,0
red,red_2025-11-26_01-32-11.png,1,red,4,ana,14,0,5,4860,4729,302
red,red_2025-11-26_01-32-21.png,0,blue,0,zarya,7,4,7,11614,0,6588
red,red_2025-11-26_01-32-21.png,0,blue,1,tracer,10,1,7,4151,0,0
red,red_2025-11-26_01-32-21.png,0,blue,2,sombra,18,6,7,10820,0,0
red,red_2025-11-26_01-32-21.png,0,blue,3,ana,5,16,8,2281,6602,268
red,red_2025-11-26_01-32-21.png,0,blue,4,wuyang,9,2,10,5887,7932,344
red,red_2025-11-26_01-32-21.png,1,red,0,sigma,14,5,6,6962,0,13272
red,red_2025-11-26_01-32-21.png,1,red,1,soldier,28,4,6,10294,1373,0
red,red_2025-11-26_01-32-21.png,1,red,2,junkrat,8,0,7,4552,0,0
red,red_2025-11-26_01-32-21.png,1,red,3,zenyatta,14,23,6,3580,7980,0
red,red_2025-11-26_01-32-21.png,1,red,4,illari,17,11,2,5590,10887,0
red,red_2025-11-26_01-32-26.png,0,blue,0,doomfist,6,1,5,4795,643,4448
red,red_2025-11-26_01-32-26.png,0,blue,1,ashe,5,0,6,4212,0,19
red,red_2025-11-26_01-32-26.png,0,blue,2,junkrat,5,1,4,4110,0,0
red,red_2025-11-26_01-32-26.png,0,blue,3,zenyatta,0,6,4,3205,4103,0
red,red_2025-11-26_01-32-26.png,0,blue,4,kiriko,3,4,4,1797,7480,0
red,red_2025-11-26_01-32-26.png,1,red,0,zarya,16,8,1,8767,0,5005
red,red_2025-11-26_01-32-26.png,1,red,1,sombra,14,6,3,4510,54,0
red,red_2025-11-26_01-32-26.png,1,red,2,cassidy,15,3,3,5470,0,114
red,red_2025-11-26_01-32-26.png,1,red,3,juno,5,5,1,965,8300,0
red,red_2025-11-26_01-32-26.png,1,red,4,moira,6,10,3,2756,3786,0
red,red_2025-11-26_01-32-32.png,0,blue,0,reinhardt,7,1,7,6207,0,10485
red,red_2025-11-26_01-32-32.png,0,blue,1,sombra,10,4,6,5415,219,0
red,red_2025-11-26_01-32-32.png,0,blue,2,hanzo,9,3,8,8243,221,0
red,red_2025-11-26_01-32-32.png,0,blue,3,ana,2,5,5,2895,5607,488
red,red_2025-11-26_01-32-32.png,0,blue,4,illari,3,1,8,4910,2044,0
red,red_2025-11-26_01-32-32.png,1,red,0,roadhog,21,1,2,7443,3711,322
red,red_2025-11-26_01-32-32.png,1,red,1,hanzo,21,5,3,7069,0,0
red,red_2025-11-26_01-32-32.png,1,red,2,mei,14,1,4,7018,758,3689
red,red_2025-11-26_01-32-32.png,1,red,3,ana,7,15,4,1939,7659,587
red,red_2025-11-26_01-32-32.png,1,red,4,kiriko,4,16,5,1394,5890,0
red,red_2025-11-26_01-32-45.png,0,blue,0,reinhardt,21,3,5,8468,0,15517
red,red_2025-11-26_01-32-45.png,0,blue,1,sombra,7,5,10,6634,532,0
red,red_2025-11-26_01-32-45.png,0,blue,2,soldier,22,0,0,11299,1236,0
red,red_2025-11-26_01-32-45.png,0,blue,3,ana,0,10,7,2574,6706,121
red,red_2025-11-26_01-32-45.png,0,blue,4,wuyang,8,7,0,3945,7837,137
red,red_2025-11-26_01-32-45.png,1,red,0,dva,26,7,6,12625,1074,9798
red,red_2025-11-26_01-32-45.png,1,red,1,hanzo,11,5,6,7165,238,0
red,red_2025-11-26_01-32-45.png,1,red,2,tracer,19,0,10,6727,96,0
red,red_2025-11-26_01-32-45.png,1,red,3,ana,12,8,10,6607,5728,159
red,red_2025-11-26_01-32-45.png,1,red,4,mercy,0,22,7,217,6343,0
red,red_2025-11-26_01-32-56.png,0,blue,0,reinhardt,7,5,10,12138,0,21204
red,red_2025-11-26_01-32-56.png,0,blue,1,tracer,12,0,12,7427,0,0
red,red_2025-11-26_01-32-56.png,0,blue,2,cassidy,30,2,0,15016,0,192
red,red_2025-11-26_01-32-56.png,0,blue,3,ana,15,18,5,5841,10675,1217
red,red_2025-11-26_01-32-56.png,0,blue,4,wuyang,19,9,7,8457,12842,623
red,red_2025-11-26_01-32-56.png,1,red,0,reinhardt,22,0,12,15577,0,7214
red,red_2025-11-26_01-32-56.png,1,red,1,cassidy,24,5,8,11049,385,248
red,red_2025-11-26_01-32-56.png,1,red,2,mei,16,3,0,7759,1073,5769
red,red_2025-11-26_01-32-56.png,1,red,3,lifeweaver,19,18,4,5710,12647,444
red,red_2025-11-26_01-32-56.png,1,red,4,ana,14,17,7,5415,12619,1994
red,red_2025-11-26_02-26-34.png,0,blue,0,ramattra,11,3,7,10100,414,2603
red,red_2025-11-26_02-26-34.png,0,blue,1,sojourn,5,0,10,4020,0,0
red,red_2025-11-26_02-26-34.png,0,blue,2,genji,7,0,0,6208,31,192
red,red_2025-11-26_02-26-34.png,0,blue,3,kiriko,2,9,7,2601,7912,0
red,red_2025-11-26_02-26-34.png,0,blue,4,moira,10,8,7,5282,8313,0
red,red_2025-11-26_02-26-34.png,1,red,0,winston,27,8,1,10161,1708,11755
red,red_2025-11-26_02-26-34.png,1,red,1,venture,23,3,1,8450,0,1895
red,red_2025-11-26_02-26-34.png,1,red,2,tracer,14,0,5,4627,0,0
red,red_2025-11-26_02-26-34.png,1,red,3,kiriko,15,18,4,5036,8030,0
red,red_2025-11-26_02-26-34.png,1,red,4,brigitte,14,21,4,5117,7459,2053
red,red_2025-11-26_02-48-36.png,0,blue,0,winston,10,3,6,6539,19,8408
red,red_2025-11-26_02-48-36.png,0,blue,1,cassidy,7,0,7,5141,133,646
red,red_2025-11-26_02-48-36.png,0,blue,2,genji,6,0,0,4333,0,1311
red,red_2025-11-26_02-48-36.png,0,blue,3,ana,3,9,6,1384,7374,974
red,red_2025-11-26_02-48-36.png,0,blue,4,kiriko,3,3,8,2589,4895,0
red,red_2025-11-26_02-48-36.png,1,red,0,ramattra,25,0,2,9290,429,6482
red,red_2025-11-26_02-48-36.png,1,red,1,freja,18,0,4,6144,54,0
red,red_2025-11-26_02-48-36.png,1,red,2,genji,24,0,6,5552,91,1220
red,red_2025-11-26_02-48-36.png,1,red,3,ana,10,10,3,5469,4105,234
red,red_2025-11-26_02-48-36.png,1,red,4,kiriko,5,13,2,2172,5062,0
red,red_2025-11-26_02-48-55.png,0,blue,0,winston,21,6,9,14772,0,19312
red,red_2025-11-26_02-48-55.png,0,blue,1,genji,20,0,15,12179,281,4293
red,red_2025-11-26_02-48-55.png,0,blue,2,cassidy,10,1,7,12592,0,381
red,red_2025-11-26_02-48-55.png,0,blue,3,ana,11,11,7,6463,13164,1009
red,red_2025-11-26_02-48-55.png,0,blue,4,kiriko,10,17,7,6574,15513,0
red,red_2025-11-26_02-48-55.png,1,red,0,dva,41,13,6,18779,530,11336
red,red_2025-11-26_02-48-55.png,1,red,1,ashe,29,6,7,18405,0,0
red,red_2025-11-26_02-48-55.png,1,red,2,soldier,21,1,12,10209,1803,76
red,red_2025-11-26_02-48-55.png,1,red,3,kiriko,11,16,6,4135,12100,600
red,red_2025-11-26_02-48-55.png,1,red,4,ana,17,27,5,5391,17655,1048
red,red_2025-11-26_02-49-36.png,0,blue,0,ramattra,21,2,11,13959,275,22975
red,red_2025-11-26_02-49-36.png,0,blue,1,ashe,24,5,14,15650,0,120
red,red_2025-11-26_02-49-36.png,0,blue,2,genji,28,1,11,12854,0,3085
red,red_2025-11-26_02-49-36.png,0,blue,3,kiriko,18,20,0,9273,15352,321
red,red_2025-11-26_02-49-36.png,0,blue,4,ana,12,15,0,5911,13661,1061
red,red_2025-11-26_02-49-36.png,1,red,0,orisa,38,3,9,21544,1496,29670
red,red_2025-11-26_02-49-36.png,1,red,1,ashe,27,6,13,12211,414,578
red,red_2025-11-26_02-49-36.png,1,red,2,hanzo,25,7,8,13445,504,281
red,red_2025-11-26_02-49-36.png,1,red,3,ana,20,29,8,6165,16262,1364
red,red_2025-11-26_02-49-36.png,1,red,4,kiriko,18,28,12,4588,14025,538
red,red_2025-11-26_02-50-07.png,0,blue,0,roadhog,16,2,10,9998,4563,7941
red,red_2025-11-26_02-50-07.png,0,blue,1,venture,14,1,15,11300,190,1591
red,red_2025-11-26_02-50-07.png,0,blue,2,cassidy,10,2,12,9921,216,275
red,red_2025-11-26_02-50-07.png,0,blue,3,moira,15,10,9,5129,18330,498
red,red_2025-11-26_02-50-07.png,0,blue,4,kiriko,0,13,12,3907,12617,0
red,red_2025-11-26_02-50-07.png,1,red,0,ramattra,38,0,3,25122,723,11802
red,red_2025-11-26_02-50-07.png,1,red,1,echo,26,1,6,12424,0,234
red,red_2025-11-26_02-50-07.png,1,red,2,ashe,35,0,7,17034,0,0
red,red_2025-11-26_02-50-07.png,1,red,3,kiriko,16,25,7,6991,8241,0
red,red_2025-11-26_02-50-07.png,1,red,4,lifeweaver,9,33,6,2311,14818,491
red,red_2025-11-26_02-50-14.png,0,blue,0,dva,8,2,5,7924,809,13331
red,red_2025-11-26_02-50-14.png,0,blue,1,reaper,9,0,12,6749,453,48
red,red_2025-11-26_02-50-14.png,0,blue,2,venture,7,2,0,6536,651,719
red,red_2025-11-26_02-50-14.png,0,blue,3,brigitte,7,10,9,3020,1716,3557
red,red_2025-11-26_02-50-14.png,0,blue,4,ana,4,8,7,4056,8009,0
red,red_2025-11-26_02-50-14.png,1,red,0,doomfist,33,2,5,10458,327,6886
red,red_2025-11-26_02-50-14.png,1,red,1,ashe,19,1,4,9895,0,0
red,red_2025-11-26_02-50-14.png,1,red,2,reaper,23,2,3,7762,1721,534
red,red_2025-11-26_02-50-14.png,1,red,3,kiriko,9,19,5,3997,5664,0
red,red_2025-11-26_02-50-14.png,1,red,4,lifeweaver,9,22,1,5010,8018,438
red,red_2025-11-26_02-50-20.png,0,blue,0,sigma,19,5,11,12414,268,10840
red,red_2025-11-26_02-50-20.png,0,blue,1,reaper,15,1,14,8939,2007,1237
red,red_2025-11-26_02-50-20.png,0,blue,2,cassidy,32,2,14,17578,0,426
red,red_2025-11-26_02-50-20.png,0,blue,3,lucio,12,14,9,5657,14375,2262
red,red_2025-11-26_02-50-20.png,0,blue,4,kiriko,14,19,0,5217,13126,0
red,red_2025-11-26_02-50-20.png,1,red,0,hazard,40,5,5,18375,589,19181
red,red_2025-11-26_02-50-20.png,1,red,1,venture,28,7,0,13470,0,2807
red,red_2025-11-26_02-50-20.png,1,red,2,hanzo,39,2,13,16954,0,0
red,red_2025-11-26_02-50-20.png,1,red,3,mercy,8,30,13,1259,11426,0
red,red_2025-11-26_02-50-20.png,1,red,4,ana,17,23,7,5980,13038,461
red,red_2025-11-26_02-50-38.png,0,blue,0,reinhardt,4,0,6,2417,0,4613
red,red_2025-11-26_02-50-38.png,0,blue,1,torbjorn,5,0,8,3418,90,272
red,red_2025-11-26_02-50-38.png,0,blue,2,soldier,6,1,7,5959,581,406
red,red_2025-11-26_02-50-38.png,0,blue,3,kiriko,0,5,6,2150,3414,349
red,red_2025-11-26_02-50-38.png,0,blue,4,lucio,1,3,4,2110,4507,699
red,red_2025-11-26_02-50-38.png,1,red,0,dva,23,11,2,5093,0,8100
red,red_2025-11-26_02-50-38.png,1,red,1,tracer,23,0,2,6703,0,0
red,red_2025-11-26_02-50-38.png,1,red,2,sojourn,19,0,2,7126,0,83
red,red_2025-11-26_02-50-38.png,1,red,3,mercy,4,15,0,396,5500,0
red,red_2025-11-26_02-50-38.png,1,red,4,ana,6,18,1,2852,4360,150
red,red_2025-11-26_02-51-11.png,0,blue,0,ramattra,33,5,9,15711,462,18564
red,red_2025-11-26_02-51-11.png,0,blue,1,sombra,18,5,14,7309,95,27
red,red_2025-11-26_02-51-11.png,0,blue,2,junkrat,22,0,15,11915,19,573
red,red_2025-11-26_02-51-11.png,0,blue,3,wuyang,25,5,7,11627,7731,1167
red,red_2025-11-26_02-51-11.png,0,blue,4,baptiste,22,19,0,6445,11122,2983
red,red_2025-11-26_02-51-11.png,1,red,0,reinhardt,29,7,12,12783,0,16448
red,red_2025-11-26_02-51-11.png,1,red,1,cassidy,24,3,10,10332,138,81
red,red_2025-11-26_02-51-11.png,1,red,2,bastion,29,2,7,12813,782,1387
red,red_2025-11-26_02-51-11.png,1,red,3,baptiste,20,26,7,3248,17333,855
red,red_2025-11-26_02-51-11.png,1,red,4,wuyang,20,10,6,7157,13373,1079
red,red_2025-11-26_02-51-25.png,0,blue,0,winston,10,2,5,8008,559,13281
red,red_2025-11-26_02-51-25.png,0,blue,1,cassidy,6,0,7,6129,0,150
red,red_2025-11-26_02-51-25.png,0,blue,2,genji,4,1,11,4162,141,567
red,red_2025-11-26_02-51-25.png,0,blue,3,ana,2,6,7,2843,5314,652
red,red_2025-11-26_02-51-25.png,0,blue,4,lucio,4,3,8,2261,4567,801
red,red_2025-11-26_02-51-25.png,1,red,0,dva,19,7,3,5602,0,8314
red,red_2025-11-26_02-51-25.png,1,red,1,cassidy,20,0,3,7464,0,30
red,red_2025-11-26_02-51-25.png,1,red,2,symmetra,25,6,3,7288,222,899
red,red_2025-11-26_02-51-25.png,1,red,3,moira,19,13,2,4410,7818,0
red,red_2025-11-26_02-51-25.png,1,red,4,ana,11,17,2,3542,6424,355
red,red_2025-11-26_02-51-31.png,0,blue,0,junker_queen,20,6,11,15302,4371,5760
red,red_2025-11-26_02-51-31.png,0,blue,1,freja,14,0,10,11939,211,0
red,red_2025-11-26_02-51-31.png,0,blue,2,ashe,15,1,10,11525,0,92
red,red_2025-11-26_02-51-31.png,0,blue,3,kiriko,13,15,11,5619,6477,0
red,red_2025-11-26_02-51-31.png,0,blue,4,ana,11,11,11,4125,8164,2423
red,red_2025-11-26_02-51-31.png,1,red,0,ramattra,31,2,5,14633,324,16532
red,red_2025-11-26_02-51-31.png,1,red,1,cassidy,33,3,8,13001,706,196
red,red_2025-11-26_02-51-31.png,1,red,2,genji,21,0,10,10491,89,1374
red,red_2025-11-26_02-51-31.png,1,red,3,ana,19,27,4,4295,15017,1878
red,red_2025-11-26_02-51-31.png,1,red,4,kiriko,13,29,7,3502,13903,0
red,red_2025-11-26_02-54-02.png,0,blue,0,dva,16,8,4,6517,1085,12440
red,red_2025-11-26_02-54-02.png,0,blue,1,mei,12,2,0,6291,1968,3447
red,red_2025-11-26_02-54-02.png,0,blue,2,soldier,12,2,10,7749,1039,227
red,red_2025-11-26_02-54-02.png,0,blue,3,kiriko,5,10,4,4899,7904,0
red,red_2025-11-26_02-54-02.png,0,blue,4,lucio,8,5,5,3054,7668,1586
red,red_2025-11-26_02-54-02.png,1,red,0,ramattra,20,3,4,12438,481,12993
red,red_2025-11-26_02-54-02.png,1,red,1,cassidy,13,2,5,9204,0,238
red,red_2025-11-26_02-54-02.png,1,red,2,sojourn,19,0,4,8927,0,0
red,red_2025-11-26_02-54-02.png,1,red,3,kiriko,12,13,4,5427,7270,0
red,red_2025-11-26_02-54-02.png,1,red,4,ana,7,15,5,2975,7842,7
red,red_2025-11-26_02-54-09.png,0,blue,0,dva,32,15,8,13307,1097,27863
red,red_2025-11-26_02-54-09.png,0,blue,1,hanzo,30,5,15,18208,202,0
red,red_2025-11-26_02-54-09.png,0,blue,2,genji,23,0,20,15763,217,2389
red,red_2025-11-26_02-54-09.png,0,blue,3,ana,0,23,8,8870,16908,701
red,red_2025-11-26_02-54-09.png,0,blue,4,wuyang,15,8,11,6878,18682,539
red,red_2025-11-26_02-54-09.png,1,red,0,dva,30,14,12,14713,1439,29952
red,red_2025-11-26_02-54-09.png,1,red,1,ashe,22,5,12,16916,122,2449
red,red_2025-11-26_02-54-09.png,1,red,2,genji,33,0,11,19136,317,3839
red,red_2025-11-26_02-54-09.png,1,red,3,ana,13,18,14,6061,14564,556
red,red_2025-11-26_02-54-09.png,1,red,4,zenyatta,7,23,12,10234,13757,172
red,red_2025-11-26_02-54-16.png,0,blue,0,dva,24,4,7,13522,409,22284
red,red_2025-11-26_02-54-16.png,0,blue,1,genji,22,2,14,12508,667,1380
red,red_2025-11-26_02-54-16.png,0,blue,2,ashe,22,5,12,13691,0,338
red,red_2025-11-26_02-54-16.png,0,blue,3,ana,11,16,8,5136,17251,1755
red,red_2025-11-26_02-54-16.png,0,blue,4,wuyang,16,6,7,6532,15485,703
red,red_2025-11-26_02-54-16.png,1,red,0,zarya,24,3,0,18325,116,18852
red,red_2025-11-26_02-54-16.png,1,red,1,widowmaker,21,3,9,10193,0,0
red,red_2025-11-26_02-54-16.png,1,red,2,soldier,23,2,9,17302,1995,1196
red,red_2025-11-26_02-54-16.png,1,red,3,baptiste,12,15,0,5910,13114,408
red,red_2025-11-26_02-54-16.png,1,red,4,ana,20,13,0,8041,13742,403
red,red_2025-11-26_02-54-22.png,0,blue,0,reinhardt,11,2,12,10354,0,15465
red,red_2025-11-26_02-54-22.png,0,blue,1,venture,20,1,14,9268,86,2998
red,red_2025-11-26_02-54-22.png,0,blue,2,sojourn,22,0,18,9516,0,0
red,red_2025-11-26_02-54-22.png,0,blue,3,ana,16,9,11,7827,10240,578
red,red_2025-11-26_02-54-22.png,0,blue,4,kiriko,0,15,11,2948,12452,563
red,red_2025-11-26_02-54-22.png,1,red,0,reinhardt,27,0,7,18021,0,8263
red,red_2025-11-26_02-54-22.png,1,red,1,soldier,40,0,7,12795,1572,0
red,red_2025-11-26_02-54-22.png,1,red,2,genji,32,0,11,9695,0,2191
red,red_2025-11-26_02-54-22.png,1,red,3,ana,10,19,8,2521,8990,525
red,red_2025-11-26_02-54-22.png,1,red,4,wuyang,23,15,7,9535,8628,301
red,red_2025-11-26_02-54-37.png,0,blue,0,reinhardt,16,1,11,12552,421,22061
red,red_2025-11-26_02-54-37.png,0,blue,1,genji,28,0,8,12555,439,2765
red,red_2025-11-26_02-54-37.png,0,blue,2,tracer,21,1,13,10230,119,188
red,red_2025-11-26_02-54-37.png,0,blue,3,moira,18,13,13,8112,11976,0
red,red_2025-11-26_02-54-37.png,0,blue,4,ana,0,7,9,7302,11385,597
red,red_2025-11-26_02-54-37.png,1,red,0,orisa,32,3,8,16993,938,7088
red,red_2025-11-26_02-54-37.png,1,red,1,cassidy,23,0,10,11716,0,160
red,red_2025-11-26_02-54-37.png,1,red,2,sombra,27,7,5,9678,1559,0
red,red_2025-11-26_02-54-37.png,1,red,3,brigitte,25,28,0,6868,12442,4461
red,red_2025-11-26_02-54-37.png,1,red,4,ana,7,22,0,3636,11082,64
red,red_2025-11-26_02-54-51.png,0,blue,0,wrecking_ball,0,6,5,5154,843,5456
red,red_2025-11-26_02-54-51.png,0,blue,1,venture,7,1,8,5818,0,996
red,red_2025-11-26_02-54-51.png,0,blue,2,hanzo,7,1,10,3775,370,0
red,red_2025-11-26_02-54-51.png,0,blue,3,kiriko,1,3,4,808,2354,0
red,red_2025-11-26_02-54-51.png,0,blue,4,moira,10,2,12,5281,3470,0
red,red_2025-11-26_02-54-51.png,1,red,0,winston,24,3,3,6738,569,8028
red,red_2025-11-26_02-54-51.png,1,red,1,cassidy,27,3,5,11742,0,280
red,red_2025-11-26_02-54-51.png,1,red,2,sojourn,19,0,4,9521,0,0
red,red_2025-11-26_02-54-51.png,1,red,3,kiriko,14,20,3,4557,6691,0
red,red_2025-11-26_02-54-51.png,1,red,4,ana,8,16,3,3998,6139,689
red,red_2025-11-26_02-55-00.png,0,blue,0,doomfist,21,0,8,10150,470,7386
red,red_2025-11-26_02-55-00.png,0,blue,1,sojourn,13,1,11,8090,0,127
red,red_2025-11-26_02-55-00.png,0,blue,2,tracer,14,0,5,6275,0,0
red,red_2025-11-26_02-55-00.png,0,blue,3,kiriko,7,12,4,8271,7634,0
red,red_2025-11-26_02-55-00.png,0,blue,4,ana,12,13,7,5499,7979,1018
red,red_2025-11-26_02-55-00.png,1,red,0,dva,22,8,4,8261,0,12865
red,red_2025-11-26_02-55-00.png,1,red,1,genji,22,1,9,9773,77,1247
red,red_2025-11-26_02-55-00.png,1,red,2,cassidy,21,4,8,8126,0,124
red,red_2025-11-26_02-55-00.png,1,red,3,kiriko,8,16,6,5082,8677,0
red,red_2025-11-26_02-55-00.png,1,red,4,ana,10,16,6,5358,10415,1167
red,red_2025-11-26_02-55-25.png,0,blue,0,dva,8,4,4,6595,0,12020
red,red_2025-11-26_02-55-25.png,0,blue,1,hanzo,9,1,8,7214,270,0
red,red_2025-11-26_02-55-25.png,0,blue,2,genji,6,0,0,5129,50,701
red,red_2025-11-26_02-55-25.png,0,blue,3,ana,4,8,4,2446,8062,384
red,red_2025-11-26_02-55-25.png,0,blue,4,brigitte,10,11,6,1896,8377,4034
red,red_2025-11-26_02-55-25.png,1,red,0,orisa,24,0,3,9726,0,6788
red,red_2025-11-26_02-55-25.png,1,red,1,genji,11,0,5,5314,359,1650
red,red_2025-11-26_02-55-25.png,1,red,2,cassidy,22,1,3,11749,0,176
red,red_2025-11-26_02-55-25.png,1,red,3,ana,5,16,2,2048,7088,1263
red,red_2025-11-26_02-55-25.png,1,red,4,juno,7,14,2,2101,6917,0
red,red_2025-11-26_02-55-43.png,0,blue,0,orisa,20,5,12,13071,297,8690
red,red_2025-11-26_02-55-43.png,0,blue,1,genji,14,0,12,7799,50,1706
red,red_2025-11-26_02-55-43.png,0,blue,2,cassidy,0,3,13,11339,0,193
red,red_2025-11-26_02-55-43.png,0,blue,3,ana,0,6,9,4750,9109,465
red,red_2025-11-26_02-55-43.png,0,blue,4,mercy,1,7,8,867,15208,152
red,red_2025-11-26_02-55-43.png,1,red,0,winston,33,3,6,14331,219,12634
red,red_2025-11-26_02-55-43.png,1,red,1,cassidy,32,5,7,15598,0,254
red,red_2025-11-26_02-55-43.png,1,red,2,sojourn,37,0,8,11535,0,0
red,red_2025-11-26_02-55-43.png,1,red,3,moira,16,33,4,3652,11665,0
red,red_2025-11-26_02-55-43.png,1,red,4,ana,14,18,3,4209,10690,607
red,red_2025-11-26_02-55-56.png,0,blue,0,dva,19,5,5,14209,265,12909
red,red_2025-11-26_02-55-56.png,0,blue,1,freja,18,0,8,14218,380,101
red,red_2025-11-26_02-55-56.png,0,blue,2,genji,18,0,13,9496,118,1671
red,red_2025-11-26_02-55-56.png,0,blue,3,lifeweaver,1,12,3,1370,15003,930
red,red_2025-11-26_02-55-56.png,0,blue,4,ana,11,9,9,4494,9525,531
red,red_2025-11-26_02-55-56.png,1,red,0,dva,31,12,6,14728,0,10852
red,red_2025-11-26_02-55-56.png,1,red,1,freja,7,0,8,13903,0,0
red,red_2025-11-26_02-55-56.png,1,red,2,tracer,25,0,0,10678,0,0
red,red_2025-11-26_02-55-56.png,1,red,3,ana,11,14,10,5038,7869,239
red,red_2025-11-26_02-55-56.png,1,red,4,brigitte,7,22,6,3003,12441,6503
red,red_2025-11-26_02-56-27.png,0,blue,0,winston,28,7,9,12709,1258,16600
red,red_2025-11-26_02-56-27.png,0,blue,1,sojourn,24,2,10,15113,0,181
red,red_2025-11-26_02-56-27.png,0,blue,2,tracer,22,0,11,7570,0,0
red,red_2025-11-26_02-56-27.png,0,blue,3,ana,18,24,7,4828,8528,579
red,red_2025-11-26_02-56-27.png,0,blue,4,lucio,21,19,9,6355,9791,1634
red,red_2025-11-26_02-56-27.png,1,red,0,junker_queen,25,12,8,13634,4127,6176
red,red_2025-11-26_02-56-27.png,1,red,1,reaper,25,0,8,8412,1400,0
red,red_2025-11-26_02-56-27.png,1,red,2,genji,21,0,7,9390,100,2112
red,red_2025-11-26_02-56-27.png,1,red,3,lucio,20,20,10,5474,7818,625
red,red_2025-11-26_02-56-27.png,1,red,4,kiriko,20,24,0,5234,9765,0
red,red_2025-11-26_02-56-33.png,0,blue,0,winston,5,1,7,8373,345,13964
red,red_2025-11-26_02-56-33.png,0,blue,1,genji,13,0,8,10559,0,1283
red,red_2025-11-26_02-56-33.png,0,blue,2,soldier,3,0,13,6540,629,51
red,red_2025-11-26_02-56-33.png,0,blue,3,ana,4,7,6,4078,5720,241
red,red_2025-11-26_02-56-33.png,0,blue,4,mercy,1,7,6,2232,10594,0
red,red_2025-11-26_02-56-33.png,1,red,0,roadhog,23,2,1,11397,3445,2782
red,red_2025-11-26_02-56-33.png,1,red,1,ashe,19,3,3,12560,788,0
red,red_2025-11-26_02-56-33.png,1,red,2,cassidy,7,3,0,9139,0,88
red,red_2025-11-26_02-56-33.png,1,red,3,ana,10,17,3,2886,8327,392
red,red_2025-11-26_02-56-33.png,1,red,4,kiriko,4,18,3,1774,8089,0
red,red_2025-11-26_02-56-57.png,0,blue,0,winston,11,2,7,8564,590,11032
red,red_2025-11-26_02-56-57.png,0,blue,1,sojourn,7,0,7,7940,0,73
red,red_2025-11-26_02-56-57.png,0,blue,2,genji,7,1,0,5541,0,1212
red,red_2025-11-26_02-56-57.png,0,blue,3,kiriko,3,8,7,2637,8809,140
red,red_2025-11-26_02-56-57.png,0,blue,4,moira,7,8,8,3729,12477,0
red,red_2025-11-26_02-56-57.png,1,red,0,ramattra,28,0,2,12282,0,8369
red,red_2025-11-26_02-56-57.png,1,red,1,bastion,23,0,4,10889,252,1258
red,red_2025-11-26_02-56-57.png,1,red,2,sojourn,25,0,5,10738,0,0
red,red_2025-11-26_02-56-57.png,1,red,3,moira,15,23,4,3299,10474,202
red,red_2025-11-26_02-56-57.png,1,red,4,ana,8,14,4,2416,5812,278
red,red_2025-11-26_02-57-13.png,0,blue,0,dva,16,7,10,12122,572,15538
red,red_2025-11-26_02-57-13.png,0,blue,1,tracer,12,0,12,6139,0,22
red,red_2025-11-26_02-57-13.png,0,blue,2,sojourn,20,0,13,13287,317,0
red,red_2025-11-26_02-57-13.png,0,blue,3,brigitte,4,8,15,3996,8232,759
red,red_2025-11-26_02-57-13.png,0,blue,4,ana,6,15,12,2934,9694,831
red,red_2025-11-26_02-57-13.png,1,red,0,winston,33,5,5,13090,793,17775
red,red_2025-11-26_02-57-13.png,1,red,1,sojourn,32,0,7,10221,0,0
red,red_2025-11-26_02-57-13.png,1,red,2,genji,40,0,0,10978,0,2104
red,red_2025-11-26_02-57-13.png,1,red,3,ana,18,19,6,4343,11012,297
red,red_2025-11-26_02-57-13.png,1,red,4,zenyatta,20,30,5,7072,9715,0
red,red_2025-11-26_02-57-21.png,0,blue,0,wrecking_ball,0,2,2,12292,0,4192
red,red_2025-11-26_02-57-21.png,0,blue,1,freja,15,0,0,8497,65,1166
red,red_2025-11-26_02-57-21.png,0,blue,2,echo,15,1,11,9948,13,279
red,red_2025-11-26_02-57-21.png,0,blue,3,lucio,12,14,9,6591,11259,2216
red,red_2025-11-26_02-57-21.png,0,blue,4,ana,0,7,9,4518,5541,545
red,red_2025-11-26_02-57-21.png,1,red,0,winston,22,6,4,14228,1862,17399
red,red_2025-11-26_02-57-21.png,1,red,1,reaper,25,0,5,11862,1611,0
red,red_2025-11-26_02-57-21.png,1,red,2,venture,15,0,9,5812,0,1442
red,red_2025-11-26_02-57-21.png,1,red,3,brigitte,12,19,8,5883,7962,3540
red,red_2025-11-26_02-57-21.png,1,red,4,kiriko,6,21,4,6711,9035,0
red,red_2025-11-26_02-57-41.png,0,blue,0,reinhardt,0,0,4,2350,0,8981
red,red_2025-11-26_02-57-41.png,0,blue,1,genji,0,0,4,2080,33,453
red,red_2025-11-26_02-57-41.png,0,blue,2,cassidy,0,0,5,1995,28,69
red,red_2025-11-26_02-57-41.png,0,blue,3,kiriko,1,0,2,1949,3292,0
red,red_2025-11-26_02-57-41.png,0,blue,4,ana,0,0,4,985,4638,643
red,red_2025-11-26_02-57-41.png,1,red,0,junker_queen,9,2,0,3653,1049,1023
red,red_2025-11-26_02-57-41.png,1,red,1,genji,8,0,0,2551,0,562
red,red_2025-11-26_02-57-41.png,1,red,2,ashe,16,2,0,6134,0,0
red,red_2025-11-26_02-57-41.png,1,red,3,lucio,8,7,1,1542,2387,400
red,red_2025-11-26_02-57-41.png,1,red,4,kiriko,5,11,0,1524,2477,0
red,red_2025-11-26_02-57-50.png,0,blue,0,hazard,29,4,9,14560,916,11485
red,red_2025-11-26_02-57-50.png,0,blue,1,freja,18,3,10,10358,200,0
red,red_2025-11-26_02-57-50.png,0,blue,2,symmetra,19,2,0,10597,359,3238
red,red_2025-11-26_02-57-50.png,0,blue,3,brigitte,12,15,9,5056,8603,2121
red,red_2025-11-26_02-57-50.png,0,blue,4,kiriko,16,9,10,7296,8049,0
red,red_2025-11-26_02-57-50.png,1,red,0,reinhardt,27,2,6,11435,0,17958
red,red_2025-11-26_02-57-50.png,1,red,1,tracer,24,0,5,10012,608,0
red,red_2025-11-26_02-57-50.png,1,red,2,ashe,18,3,13,12816,0,0
red,red_2025-11-26_02-57-50.png,1,red,3,mercy,2,31,7,348,17544,0
red,red_2025-11-26_02-57-50.png,1,red,4,moira,30,19,11,8999,11275,0
red,red_2025-11-26_02-57-54.png,0,blue,0,winston,19,6,10,14717,0,25824
red,red_2025-11-26_02-57-54.png,0,blue,1,genji,11,3,13,10905,1154,1617
red,red_2025-11-26_02-57-54.png,0,blue,2,cassidy,23,0,0,11999,0,145
red,red_2025-11-26_02-57-54.png,0,blue,3,ana,3,15,7,3258,16266,1599
red,red_2025-11-26_02-57-54.png,0,blue,4,zenyatta,8,9,11,5814,11574,400
red,red_2025-11-26_02-57-54.png,1,red,0,dva,34,15,4,12727,0,15081
red,red_2025-11-26_02-57-54.png,1,red,1,cassidy,7,0,8,13492,0,228
red,red_2025-11-26_02-57-54.png,1,red,2,hanzo,26,9,8,16627,0,0
red,red_2025-11-26_02-57-54.png,1,red,3,ana,16,20,6,4517,15103,1237
red,red_2025-11-26_02-57-54.png,1,red,4,zenyatta,22,33,6,6708,14311,0
red,red_2025-11-26_02-57-58.png,0,blue,0,winston,21,5,10,19320,2322,19962
red,red_2025-11-26_02-57-58.png,0,blue,1,ashe,18,2,12,15721,0,0
red,red_2025-11-26_02-57-58.png,0,blue,2,junkrat,16,1,10,14975,0,8
red,red_2025-11-26_02-57-58.png,0,blue,3,baptiste,7,16,6,5353,20153,671
red,red_2025-11-26_02-57-58.png,0,blue,4,brigitte,5,13,12,5344,13459,5730
red,red_2025-11-26_02-57-58.png,1,red,0,dva,27,10,7,17007,3260,12316
red,red_2025-11-26_02-57-58.png,1,red,1,cassidy,32,1,10,19242,129,105
red,red_2025-11-26_02-57-58.png,1,red,2,tracer,20,1,10,10352,0,747
red,red_2025-11-26_02-57-58.png,1,red,3,juno,25,15,6,6612,20227,0
red,red_2025-11-26_02-57-58.png,1,red,4,kiriko,21,26,4,11537,13491,0
red,red_2025-11-26_02-58-11.png,0,blue,0,ramattra,11,3,7,10100,414,2603
red,red_2025-11-26_02-58-11.png,0,blue,1,sojourn,5,0,10,4020,0,0
red,red_2025-11-26_02-58-11.png,0,blue,2,genji,7,0,8,6208,31,192
red,red_2025-11-26_02-58-11.png,0,blue,3,kiriko,2,9,7,2601,7912,0
red,red_2025-11-26_02-58-11.png,0,blue,4,moira,10,8,7,5282,8313,0
red,red_2025-11-26_02-58-11.png,1,red,0,winston,27,8,1,10161,1708,11755
red,red_2025-11-26_02-58-11.png,1,red,1,venture,23,3,1,8450,0,1895
red,red_2025-11-26_02-58-11.png,1,red,2,tracer,14,0,5,4627,0,0
red,red_2025-11-26_02-58-11.png,1,red,3,kiriko,15,18,4,5036,8030,0
red,red_2025-11-26_02-58-11.png,1,red,4,brigitte,14,21,4,5117,7459,2053
